"logical_path"	"target_path"	"selected_source"	"selected_sha256"	"role"	"selection_basis"
"public/internal/ds/inc/accessp.h"	"source/public/internal/ds/inc/accessp.h"	"O:\repos.external\opennt\public\internal\ds\inc\accessp.h"	"61f90f0707ea9081d5ef66a20f0b1154a39d320debefef6fac691b9eb065d75d"	"declaration-package"	"M0 T290 S5 original DS declaration package selected for vdmredir/vrnetapi.c; declaration carrier only"
"public/internal/ds/inc/align.h"	"source/public/internal/ds/inc/align.h"	"O:\repos.external\opennt\public\internal\ds\inc\align.h"	"b2922ca133bfd608bf86f33595c1dfb2b325cb31a0e83d4bfe18f0d91795e28f"	"declaration-package"	"M0 T290 S5 original DS declaration package selected for vdmredir/vrnetapi.c; declaration carrier only"
"public/internal/ds/inc/apinums.h"	"source/public/internal/ds/inc/apinums.h"	"O:\repos.external\opennt\public\internal\ds\inc\apinums.h"	"bed7ba3bb424fcfaf7d9b498c7f298f1563bd7abaa1c0198aa8cf10dce54d0e6"	"declaration-package"	"M0 T290 S5 original DS declaration package selected for vdmredir/vrnetapi.c; declaration carrier only"
"public/internal/ds/inc/apiparam.h"	"source/public/internal/ds/inc/apiparam.h"	"O:\repos.external\opennt\public\internal\ds\inc\apiparam.h"	"f5d8f906f3af10302f9e877091661dd3e2ba7d1f6760ce3c8dfb3bffc8e9e462"	"declaration-package"	"M0 T290 S5 original DS declaration package selected for vdmredir/vrnetapi.c; declaration carrier only"
"public/internal/ds/inc/apperr.h"	"source/public/internal/ds/inc/apperr.h"	"O:\repos.external\opennt\public\internal\ds\inc\apperr.h"	"b00b149cd5f3f2ecaadd5522046f11309a765fbf9a244ce854d12df5de30ea4c"	"declaration-package"	"M0 T290 S5 original DS declaration package selected for vdmredir/vrnetapi.c; declaration carrier only"
"public/internal/ds/inc/apperr2.h"	"source/public/internal/ds/inc/apperr2.h"	"O:\repos.external\opennt\public\internal\ds\inc\apperr2.h"	"c88b993249c81b206eb432d578af33c4cf766221e82ff8d2310bc32f31386047"	"declaration-package"	"M0 T290 S5 original DS declaration package selected for vdmredir/vrnetapi.c; declaration carrier only"
"public/internal/ds/inc/candata.h"	"source/public/internal/ds/inc/candata.h"	"O:\repos.external\opennt\public\internal\ds\inc\candata.h"	"bf926f221e8072e114706991aaad25d4cd64851775338050442bc45d24c8db26"	"declaration-package"	"M0 T290 S5 original DS declaration package selected for vdmredir/vrnetapi.c; declaration carrier only"
"public/internal/ds/inc/config.h"	"source/public/internal/ds/inc/config.h"	"O:\repos.external\opennt\public\internal\ds\inc\config.h"	"e246112ea37cc2158e494d3acfebf2d2023603ac1b6c2b4f38971b48e0794578"	"declaration-package"	"M0 T290 S5 original DS declaration package selected for vdmredir/vrnetapi.c; declaration carrier only"
"public/internal/ds/inc/configp.h"	"source/public/internal/ds/inc/configp.h"	"O:\repos.external\opennt\public\internal\ds\inc\configp.h"	"b20d9cc466dad59ea33becfe923824e959a7551cd4db2ea5359d48e6259d053a"	"declaration-package"	"M0 T290 S5 original DS declaration package selected for vdmredir/vrnetapi.c; declaration carrier only"
"public/internal/ds/inc/confname.h"	"source/public/internal/ds/inc/confname.h"	"O:\repos.external\opennt\public\internal\ds\inc\confname.h"	"e992c67363160f99259395503e3fbde72d968e4063b243559fdcf7ec010820f8"	"declaration-package"	"M0 T290 S5 original DS declaration package selected for vdmredir/vrnetapi.c; declaration carrier only"
"public/internal/ds/inc/crypt.h"	"source/public/internal/ds/inc/crypt.h"	"O:\repos.external\opennt\public\internal\ds\inc\crypt.h"	"0a325a131b109964594681317389ac7b7e4dce8f05f6dc553c499203f296c3ed"	"declaration-package"	"M0 T290 S5 original DS declaration package selected for vdmredir/vrnetapi.c; declaration carrier only"
"public/internal/ds/inc/debuglib.h"	"source/public/internal/ds/inc/debuglib.h"	"O:\repos.external\opennt\public\internal\ds\inc\debuglib.h"	"d3f73f4317c039937ba51ef439cff38a721328e5ae7c0a7bccce290e2031ac51"	"declaration-package"	"M0 T290 S5 original DS declaration package selected for vdmredir/vrnetapi.c; declaration carrier only"
"public/internal/ds/inc/dlserver.h"	"source/public/internal/ds/inc/dlserver.h"	"O:\repos.external\opennt\public\internal\ds\inc\dlserver.h"	"517e24032f715358914bafe963eb15d26f10def77330433f24f0c78ea9c2a481"	"declaration-package"	"M0 T290 S5 original DS declaration package selected for vdmredir/vrnetapi.c; declaration carrier only"
"public/internal/ds/inc/dlwksta.h"	"source/public/internal/ds/inc/dlwksta.h"	"O:\repos.external\opennt\public\internal\ds\inc\dlwksta.h"	"386f9dc0bb6dda6d20f651e088dd959d138237a227b0b8603c09229d0cde214f"	"declaration-package"	"M0 T290 S5 original DS declaration package selected for vdmredir/vrnetapi.c; declaration carrier only"
"public/internal/ds/inc/dosprint.h"	"source/public/internal/ds/inc/dosprint.h"	"O:\repos.external\opennt\public\internal\ds\inc\dosprint.h"	"2123d9c40a7cd8073792cfe7ee7cbfb1785282365766d0339b65c0a4e58fabef"	"declaration-package"	"M0 T290 S5 original DS declaration package selected for vdmredir/vrnetapi.c; declaration carrier only"
"public/internal/ds/inc/dosprint.x"	"source/public/internal/ds/inc/dosprint.x"	"O:\repos.external\opennt\public\internal\ds\inc\dosprint.x"	"f0bf6cc55fc7e72a49018f37b970a1f429539c18ae906e43622859b039628eb7"	"declaration-package"	"M0 T290 S5 original DS declaration package selected for vdmredir/vrnetapi.c; declaration carrier only"
"public/internal/ds/inc/dosprtp.h"	"source/public/internal/ds/inc/dosprtp.h"	"O:\repos.external\opennt\public\internal\ds\inc\dosprtp.h"	"e3e2662857ea2fe5ae97642f6a0bef5ea981002660e5a8ceffaacac4f6935d5c"	"declaration-package"	"M0 T290 S5 original DS declaration package selected for vdmredir/vrnetapi.c; declaration carrier only"
"public/internal/ds/inc/hashfunc.h"	"source/public/internal/ds/inc/hashfunc.h"	"O:\repos.external\opennt\public\internal\ds\inc\hashfunc.h"	"b7269c8699f2c057cd86c610d3319df90cb2682770c65493322b3e7d530521e2"	"declaration-package"	"M0 T290 S5 original DS declaration package selected for vdmredir/vrnetapi.c; declaration carrier only"
"public/internal/ds/inc/icanon.h"	"source/public/internal/ds/inc/icanon.h"	"O:\repos.external\opennt\public\internal\ds\inc\icanon.h"	"e837ba030bfb4f55a4e7b8ac4c88f7d54ef5b5ff63434cc2b65111f9c5152799"	"declaration-package"	"M0 T290 S5 original DS declaration package selected for vdmredir/vrnetapi.c; declaration carrier only"
"public/internal/ds/inc/inames.h"	"source/public/internal/ds/inc/inames.h"	"O:\repos.external\opennt\public\internal\ds\inc\inames.h"	"37ea984f29916a41a208009bd041012163cbc4fa2bbf18bbe960cdaea40431e0"	"declaration-package"	"M0 T290 S5 original DS declaration package selected for vdmredir/vrnetapi.c; declaration carrier only"
"public/internal/ds/inc/loghours.h"	"source/public/internal/ds/inc/loghours.h"	"O:\repos.external\opennt\public\internal\ds\inc\loghours.h"	"480cedd1d939dae01a814fd9b7de01f19e9ec136a48c379fb1dbae4fa5e42a94"	"declaration-package"	"M0 T290 S5 original DS declaration package selected for vdmredir/vrnetapi.c; declaration carrier only"
"public/internal/ds/inc/logonmsv.h"	"source/public/internal/ds/inc/logonmsv.h"	"O:\repos.external\opennt\public\internal\ds\inc\logonmsv.h"	"3994307ad3b7520f7574a6b8177125b3d5ba5bf37ce096b3d9611ff978118b37"	"declaration-package"	"M0 T290 S5 original DS declaration package selected for vdmredir/vrnetapi.c; declaration carrier only"
"public/internal/ds/inc/logonp.h"	"source/public/internal/ds/inc/logonp.h"	"O:\repos.external\opennt\public\internal\ds\inc\logonp.h"	"1ba9c0998f616859411488b98518184374da8799f1929cb4145a4f3f8e818749"	"declaration-package"	"M0 T290 S5 original DS declaration package selected for vdmredir/vrnetapi.c; declaration carrier only"
"public/internal/ds/inc/lsaicli.h"	"source/public/internal/ds/inc/lsaicli.h"	"O:\repos.external\opennt\public\internal\ds\inc\lsaicli.h"	"25cbf9c48bd8587f0585ddfdc0ee36061a8a25c9de4db44cb8f473867193028b"	"declaration-package"	"M0 T290 S5 original DS declaration package selected for vdmredir/vrnetapi.c; declaration carrier only"
"public/internal/ds/inc/lsaimp.h"	"source/public/internal/ds/inc/lsaimp.h"	"O:\repos.external\opennt\public\internal\ds\inc\lsaimp.h"	"cc5e6e70456ffd0839df1a53a5d80707ca9b406486d09df94464956a216ebadd"	"declaration-package"	"M0 T290 S5 original DS declaration package selected for vdmredir/vrnetapi.c; declaration carrier only"
"public/internal/ds/inc/lsaisrv.h"	"source/public/internal/ds/inc/lsaisrv.h"	"O:\repos.external\opennt\public\internal\ds\inc\lsaisrv.h"	"71b5b11121b7570dbb56d06024fc55d3f892dc606812bde6d954375ef983d5ff"	"declaration-package"	"M0 T290 S5 original DS declaration package selected for vdmredir/vrnetapi.c; declaration carrier only"
"public/internal/ds/inc/lsarpc.h"	"source/public/internal/ds/inc/lsarpc.h"	"O:\repos.external\opennt\public\internal\ds\inc\lsarpc.h"	"5a742ea3124df63830c53c44ca5b3876555e2d408a62729c02047f393c4c82aa"	"declaration-package"	"M0 T290 S5 original DS declaration package selected for vdmredir/vrnetapi.c; declaration carrier only"
"public/internal/ds/inc/lsass.h"	"source/public/internal/ds/inc/lsass.h"	"O:\repos.external\opennt\public\internal\ds\inc\lsass.h"	"2bb766c27ee8129833a55de4aca5a9e52392570ca5c149fd48a73cc9943a13b6"	"declaration-package"	"M0 T290 S5 original DS declaration package selected for vdmredir/vrnetapi.c; declaration carrier only"
"public/internal/ds/inc/luidate.h"	"source/public/internal/ds/inc/luidate.h"	"O:\repos.external\opennt\public\internal\ds\inc\luidate.h"	"cf1deffbb2680407834a6e7eb00f701668e5f2685bbbce6000f82c74588dd7db"	"declaration-package"	"M0 T290 S5 original DS declaration package selected for vdmredir/vrnetapi.c; declaration carrier only"
"public/internal/ds/inc/luiint.h"	"source/public/internal/ds/inc/luiint.h"	"O:\repos.external\opennt\public\internal\ds\inc\luiint.h"	"358fb0a38675f7b7a0fee83537936919a389a46e63ad08598a0e8dc24cfc57a0"	"declaration-package"	"M0 T290 S5 original DS declaration package selected for vdmredir/vrnetapi.c; declaration carrier only"
"public/internal/ds/inc/luitext.h"	"source/public/internal/ds/inc/luitext.h"	"O:\repos.external\opennt\public\internal\ds\inc\luitext.h"	"1c1625dbe7a69911caf987b382ca3743db46001c304e2202c2b22dfad44bdbac"	"declaration-package"	"M0 T290 S5 original DS declaration package selected for vdmredir/vrnetapi.c; declaration carrier only"
"public/internal/ds/inc/mapsupp.h"	"source/public/internal/ds/inc/mapsupp.h"	"O:\repos.external\opennt\public\internal\ds\inc\mapsupp.h"	"c426d20a0bea1350fd202f7c45638f68647b8c3119acc84ccad83df0385a1d2a"	"declaration-package"	"M0 T290 S5 original DS declaration package selected for vdmredir/vrnetapi.c; declaration carrier only"
"public/internal/ds/inc/msgrutil.h"	"source/public/internal/ds/inc/msgrutil.h"	"O:\repos.external\opennt\public\internal\ds\inc\msgrutil.h"	"1d7491e655e087c3105e604659ce8d156199ce700d2cd9ebf64f9c0598338e6f"	"declaration-package"	"M0 T290 S5 original DS declaration package selected for vdmredir/vrnetapi.c; declaration carrier only"
"public/internal/ds/inc/names.h"	"source/public/internal/ds/inc/names.h"	"O:\repos.external\opennt\public\internal\ds\inc\names.h"	"93adf5f9f1231c9328ed9753b5538f4d96a53d5c459616742f5ba756ddb441e1"	"declaration-package"	"M0 T290 S5 original DS declaration package selected for vdmredir/vrnetapi.c; declaration carrier only"
"public/internal/ds/inc/netcan.h"	"source/public/internal/ds/inc/netcan.h"	"O:\repos.external\opennt\public\internal\ds\inc\netcan.h"	"27999e97f7cb4b948e89d3552f92eb385ddab55d176b9cbada7b3d9a5537ed85"	"declaration-package"	"M0 T290 S5 original DS declaration package selected for vdmredir/vrnetapi.c; declaration carrier only"
"public/internal/ds/inc/netdebug.h"	"source/public/internal/ds/inc/netdebug.h"	"O:\repos.external\opennt\public\internal\ds\inc\netdebug.h"	"6e6acf20d4dcf56f6a51f99152c6792e080ea21db74efc37b6c70f2f5e00ec72"	"declaration-package"	"M0 T290 S5 original DS declaration package selected for vdmredir/vrnetapi.c; declaration carrier only"
"public/internal/ds/inc/netlib.h"	"source/public/internal/ds/inc/netlib.h"	"O:\repos.external\opennt\public\internal\ds\inc\netlib.h"	"d160c2657ce8bd4cd006af505a5325b311fe27a7f80682518adb01771ab5b7c4"	"declaration-package"	"M0 T290 S5 original DS declaration package selected for vdmredir/vrnetapi.c; declaration carrier only"
"public/internal/ds/inc/netlibnt.h"	"source/public/internal/ds/inc/netlibnt.h"	"O:\repos.external\opennt\public\internal\ds\inc\netlibnt.h"	"8545a4ebfe8156e40405fd6a22d6c49b42aaf3b6df1b6254a52b63c330e11ba8"	"declaration-package"	"M0 T290 S5 original DS declaration package selected for vdmredir/vrnetapi.c; declaration carrier only"
"public/internal/ds/inc/netlock.h"	"source/public/internal/ds/inc/netlock.h"	"O:\repos.external\opennt\public\internal\ds\inc\netlock.h"	"dadaefe455d80221691dee11e0304645e4996b8a2195d2e5a61001640ce9ff08"	"declaration-package"	"M0 T290 S5 original DS declaration package selected for vdmredir/vrnetapi.c; declaration carrier only"
"public/internal/ds/inc/netlockp.h"	"source/public/internal/ds/inc/netlockp.h"	"O:\repos.external\opennt\public\internal\ds\inc\netlockp.h"	"5ffef28fad37f08213886c254b491b8a480c1fca9926d47a3d3d3293a3fae9ea"	"declaration-package"	"M0 T290 S5 original DS declaration package selected for vdmredir/vrnetapi.c; declaration carrier only"
"public/internal/ds/inc/netrpc.h"	"source/public/internal/ds/inc/netrpc.h"	"O:\repos.external\opennt\public\internal\ds\inc\netrpc.h"	"df7e7d38b781cc4df30983c15afa98bc30878ae0ed1971ac5fc486733791fc83"	"declaration-package"	"M0 T290 S5 original DS declaration package selected for vdmredir/vrnetapi.c; declaration carrier only"
"public/internal/ds/inc/nlrepl.h"	"source/public/internal/ds/inc/nlrepl.h"	"O:\repos.external\opennt\public\internal\ds\inc\nlrepl.h"	"beb527d9ceefc9e5b152c41871abeba2ea859957f6f9965824637c5ae608e710"	"declaration-package"	"M0 T290 S5 original DS declaration package selected for vdmredir/vrnetapi.c; declaration carrier only"
"public/internal/ds/inc/nticanon.h"	"source/public/internal/ds/inc/nticanon.h"	"O:\repos.external\opennt\public\internal\ds\inc\nticanon.h"	"1d60b2f751de29cc7f8b834740d9fb68e247fd1833cfd241692de249b829a221"	"declaration-package"	"M0 T290 S5 original DS declaration package selected for vdmredir/vrnetapi.c; declaration carrier only"
"public/internal/ds/inc/ntrmlsa.h"	"source/public/internal/ds/inc/ntrmlsa.h"	"O:\repos.external\opennt\public\internal\ds\inc\ntrmlsa.h"	"c819d14b5008d5111e2933a9b0c1133742e2e62a12cb8e48eddb7ee92229b7eb"	"declaration-package"	"M0 T290 S5 original DS declaration package selected for vdmredir/vrnetapi.c; declaration carrier only"
"public/internal/ds/inc/ntsamp.h"	"source/public/internal/ds/inc/ntsamp.h"	"O:\repos.external\opennt\public\internal\ds\inc\ntsamp.h"	"2abbf3e981feb807bb3594c2fd94ebb5755e447c3d18c97e306dfd83fa7fdd30"	"declaration-package"	"M0 T290 S5 original DS declaration package selected for vdmredir/vrnetapi.c; declaration carrier only"
"public/internal/ds/inc/permit.h"	"source/public/internal/ds/inc/permit.h"	"O:\repos.external\opennt\public\internal\ds\inc\permit.h"	"c2d1e8e9e3e7ea4dc11805df0afba7e3e4f532c6ff462428d3d21cf7aefd0013"	"declaration-package"	"M0 T290 S5 original DS declaration package selected for vdmredir/vrnetapi.c; declaration carrier only"
"public/internal/ds/inc/prefix.h"	"source/public/internal/ds/inc/prefix.h"	"O:\repos.external\opennt\public\internal\ds\inc\prefix.h"	"f37544194f395b67176d4e99067e605a4c79269fd6a34a2353b9244d42d32e71"	"declaration-package"	"M0 T290 S5 original DS declaration package selected for vdmredir/vrnetapi.c; declaration carrier only"
"public/internal/ds/inc/rap.h"	"source/public/internal/ds/inc/rap.h"	"O:\repos.external\opennt\public\internal\ds\inc\rap.h"	"f1b132b2ab6d5b848303f27696fbcf4a78d8d937919b46dda004efb0930b9086"	"declaration-package"	"M0 T290 S5 original DS declaration package selected for vdmredir/vrnetapi.c; declaration carrier only"
"public/internal/ds/inc/rapdebug.h"	"source/public/internal/ds/inc/rapdebug.h"	"O:\repos.external\opennt\public\internal\ds\inc\rapdebug.h"	"ffc0d0378b56e4ef1a7b4356f7c00749f6cc4ef459df4a59af2d3bcf64728003"	"declaration-package"	"M0 T290 S5 original DS declaration package selected for vdmredir/vrnetapi.c; declaration carrier only"
"public/internal/ds/inc/rapgtpt.h"	"source/public/internal/ds/inc/rapgtpt.h"	"O:\repos.external\opennt\public\internal\ds\inc\rapgtpt.h"	"b77a81c76ebf5a82bddbc4812a94f9fc4281f4e01612380d843f16b47878b8e4"	"declaration-package"	"M0 T290 S5 original DS declaration package selected for vdmredir/vrnetapi.c; declaration carrier only"
"public/internal/ds/inc/remdef.h"	"source/public/internal/ds/inc/remdef.h"	"O:\repos.external\opennt\public\internal\ds\inc\remdef.h"	"bf4341d5c9fea49d79a5fd074c19e7ceebd2b9b17e8ad2085fff5d3f4969c7ed"	"declaration-package"	"M0 T290 S5 original DS declaration package selected for vdmredir/vrnetapi.c; declaration carrier only"
"public/internal/ds/inc/remtypes.h"	"source/public/internal/ds/inc/remtypes.h"	"O:\repos.external\opennt\public\internal\ds\inc\remtypes.h"	"53c776fa1300bc533fb616bb6dadb0fcb1ca9721b82b229e08fabbdb00e9c4e7"	"declaration-package"	"M0 T290 S5 original DS declaration package selected for vdmredir/vrnetapi.c; declaration carrier only"
"public/internal/ds/inc/rx.h"	"source/public/internal/ds/inc/rx.h"	"O:\repos.external\opennt\public\internal\ds\inc\rx.h"	"2576b2cf2302fe8f816844f1715403fb35f2fa3fed3279f2cc03c503a6f0552d"	"declaration-package"	"M0 T290 S5 original DS declaration package selected for vdmredir/vrnetapi.c; declaration carrier only"
"public/internal/ds/inc/rxaccess.h"	"source/public/internal/ds/inc/rxaccess.h"	"O:\repos.external\opennt\public\internal\ds\inc\rxaccess.h"	"f0c6f04ef4389cab5817bbe77384be1fe592329b762fbe4b4610af81aa023f74"	"declaration-package"	"M0 T290 S5 original DS declaration package selected for vdmredir/vrnetapi.c; declaration carrier only"
"public/internal/ds/inc/rxaudit.h"	"source/public/internal/ds/inc/rxaudit.h"	"O:\repos.external\opennt\public\internal\ds\inc\rxaudit.h"	"74faad360c6d686e257a0841cba588b96c333657f451aafc174139e1d35c9201"	"declaration-package"	"M0 T290 S5 original DS declaration package selected for vdmredir/vrnetapi.c; declaration carrier only"
"public/internal/ds/inc/rxcanon.h"	"source/public/internal/ds/inc/rxcanon.h"	"O:\repos.external\opennt\public\internal\ds\inc\rxcanon.h"	"15dcffa90b4a3832098461ee0dc00418279b8ca6eaa7c14b6f0e30f510cb2c7d"	"declaration-package"	"M0 T290 S5 original DS declaration package selected for vdmredir/vrnetapi.c; declaration carrier only"
"public/internal/ds/inc/rxchdev.h"	"source/public/internal/ds/inc/rxchdev.h"	"O:\repos.external\opennt\public\internal\ds\inc\rxchdev.h"	"2dea04accdd30574b1e404bcc33196d657d88f87a40c2937d96e0585af94c713"	"declaration-package"	"M0 T290 S5 original DS declaration package selected for vdmredir/vrnetapi.c; declaration carrier only"
"public/internal/ds/inc/rxconfig.h"	"source/public/internal/ds/inc/rxconfig.h"	"O:\repos.external\opennt\public\internal\ds\inc\rxconfig.h"	"a9579ab415748a9d6bf3b82b9c9c90bf63d3359c0fcac36c533740d861595c91"	"declaration-package"	"M0 T290 S5 original DS declaration package selected for vdmredir/vrnetapi.c; declaration carrier only"
"public/internal/ds/inc/rxconn.h"	"source/public/internal/ds/inc/rxconn.h"	"O:\repos.external\opennt\public\internal\ds\inc\rxconn.h"	"26f3258084419c4c31adb2b2832279910c8345af1fe8d008155161263cc9e902"	"declaration-package"	"M0 T290 S5 original DS declaration package selected for vdmredir/vrnetapi.c; declaration carrier only"
"public/internal/ds/inc/rxdomain.h"	"source/public/internal/ds/inc/rxdomain.h"	"O:\repos.external\opennt\public\internal\ds\inc\rxdomain.h"	"e77dfdcd9bb7660795dbcd3df6ced55bb935abf59ac2e6336648ab45ee92aab7"	"declaration-package"	"M0 T290 S5 original DS declaration package selected for vdmredir/vrnetapi.c; declaration carrier only"
"public/internal/ds/inc/rxerrlog.h"	"source/public/internal/ds/inc/rxerrlog.h"	"O:\repos.external\opennt\public\internal\ds\inc\rxerrlog.h"	"3a65d4358cc152de17a1808e62d81fd468082ec98b75ef30011000715eaf15dc"	"declaration-package"	"M0 T290 S5 original DS declaration package selected for vdmredir/vrnetapi.c; declaration carrier only"
"public/internal/ds/inc/rxfile.h"	"source/public/internal/ds/inc/rxfile.h"	"O:\repos.external\opennt\public\internal\ds\inc\rxfile.h"	"29555ae2e0418807d38448480f6bba0d10c9a32432de865d01d9acb65ef27e23"	"declaration-package"	"M0 T290 S5 original DS declaration package selected for vdmredir/vrnetapi.c; declaration carrier only"
"public/internal/ds/inc/rxgroup.h"	"source/public/internal/ds/inc/rxgroup.h"	"O:\repos.external\opennt\public\internal\ds\inc\rxgroup.h"	"828ae8d17143257b5fc7f4fd911bd311ec075d677e96e9a577512f42b1ecfbb4"	"declaration-package"	"M0 T290 S5 original DS declaration package selected for vdmredir/vrnetapi.c; declaration carrier only"
"public/internal/ds/inc/rxlgenum.h"	"source/public/internal/ds/inc/rxlgenum.h"	"O:\repos.external\opennt\public\internal\ds\inc\rxlgenum.h"	"b5e689476406b445d3c794a5eb48809863e70c57365a7bceb82d7ef6c1efa6e5"	"declaration-package"	"M0 T290 S5 original DS declaration package selected for vdmredir/vrnetapi.c; declaration carrier only"
"public/internal/ds/inc/rxmsg.h"	"source/public/internal/ds/inc/rxmsg.h"	"O:\repos.external\opennt\public\internal\ds\inc\rxmsg.h"	"4749f31c4446455155a06868c2ba71d8b37f8442c37c60e3604a3be1acbe66bc"	"declaration-package"	"M0 T290 S5 original DS declaration package selected for vdmredir/vrnetapi.c; declaration carrier only"
"public/internal/ds/inc/rxp.h"	"source/public/internal/ds/inc/rxp.h"	"O:\repos.external\opennt\public\internal\ds\inc\rxp.h"	"a9872ea30eaf56286b6306885a577198190724ff68c4bc6d387a426a23d2442e"	"declaration-package"	"M0 T290 S5 original DS declaration package selected for vdmredir/vrnetapi.c; declaration carrier only"
"public/internal/ds/inc/rxpdebug.h"	"source/public/internal/ds/inc/rxpdebug.h"	"O:\repos.external\opennt\public\internal\ds\inc\rxpdebug.h"	"2e91683121ab14cc67a70d236398d6ab6e3b599bc0a0025d5103ad9c73c59a78"	"declaration-package"	"M0 T290 S5 original DS declaration package selected for vdmredir/vrnetapi.c; declaration carrier only"
"public/internal/ds/inc/rxprint.h"	"source/public/internal/ds/inc/rxprint.h"	"O:\repos.external\opennt\public\internal\ds\inc\rxprint.h"	"3affdaccc5dd5ab0486a09546cbb8a85287162e2308195903e5fdfd0e5d2937e"	"declaration-package"	"M0 T290 S5 original DS declaration package selected for vdmredir/vrnetapi.c; declaration carrier only"
"public/internal/ds/inc/rxprint.x"	"source/public/internal/ds/inc/rxprint.x"	"O:\repos.external\opennt\public\internal\ds\inc\rxprint.x"	"cadde6207752270143be1d155c6ace327624b89d7c2d21f7a939912fa9a6e4b3"	"declaration-package"	"M0 T290 S5 original DS declaration package selected for vdmredir/vrnetapi.c; declaration carrier only"
"public/internal/ds/inc/rxremutl.h"	"source/public/internal/ds/inc/rxremutl.h"	"O:\repos.external\opennt\public\internal\ds\inc\rxremutl.h"	"844c5741b2336cc0ae5743e3ba853c3c6497382244efd260182245c07264d5c1"	"declaration-package"	"M0 T290 S5 original DS declaration package selected for vdmredir/vrnetapi.c; declaration carrier only"
"public/internal/ds/inc/rxserver.h"	"source/public/internal/ds/inc/rxserver.h"	"O:\repos.external\opennt\public\internal\ds\inc\rxserver.h"	"04f0063118df79c226528c92f24c2afc11f3066aadde708c067642146166ef22"	"declaration-package"	"M0 T290 S5 original DS declaration package selected for vdmredir/vrnetapi.c; declaration carrier only"
"public/internal/ds/inc/rxsess.h"	"source/public/internal/ds/inc/rxsess.h"	"O:\repos.external\opennt\public\internal\ds\inc\rxsess.h"	"e3569c50a0dc8a54ed6bddd3e178bea6484a84a4bacaba86d82b46c806ea1b56"	"declaration-package"	"M0 T290 S5 original DS declaration package selected for vdmredir/vrnetapi.c; declaration carrier only"
"public/internal/ds/inc/rxshare.h"	"source/public/internal/ds/inc/rxshare.h"	"O:\repos.external\opennt\public\internal\ds\inc\rxshare.h"	"c80c8dcda679c86e8f363beb8dc72dadaabea68e51aacca5e148dafe260ef521"	"declaration-package"	"M0 T290 S5 original DS declaration package selected for vdmredir/vrnetapi.c; declaration carrier only"
"public/internal/ds/inc/rxstats.h"	"source/public/internal/ds/inc/rxstats.h"	"O:\repos.external\opennt\public\internal\ds\inc\rxstats.h"	"16ca299f742c9fe82eb9958f79c8e252fa0f0fa4e06d8d5f6bb39b31bcf5b696"	"declaration-package"	"M0 T290 S5 original DS declaration package selected for vdmredir/vrnetapi.c; declaration carrier only"
"public/internal/ds/inc/rxsvc.h"	"source/public/internal/ds/inc/rxsvc.h"	"O:\repos.external\opennt\public\internal\ds\inc\rxsvc.h"	"11f1b67f6cfb15ac278a03ef5f3b1ca112931f80450d0171b65a0cb449218c74"	"declaration-package"	"M0 T290 S5 original DS declaration package selected for vdmredir/vrnetapi.c; declaration carrier only"
"public/internal/ds/inc/rxuse.h"	"source/public/internal/ds/inc/rxuse.h"	"O:\repos.external\opennt\public\internal\ds\inc\rxuse.h"	"f4d7accae9a2fa3b13772dd3c4c87fc882e05bbd3d914f9886448865ac324f0e"	"declaration-package"	"M0 T290 S5 original DS declaration package selected for vdmredir/vrnetapi.c; declaration carrier only"
"public/internal/ds/inc/rxuser.h"	"source/public/internal/ds/inc/rxuser.h"	"O:\repos.external\opennt\public\internal\ds\inc\rxuser.h"	"040e4992a9b2ad7a69442c12dbcc73e8b8f69e034595ec35511a854ce2896c34"	"declaration-package"	"M0 T290 S5 original DS declaration package selected for vdmredir/vrnetapi.c; declaration carrier only"
"public/internal/ds/inc/rxwksta.h"	"source/public/internal/ds/inc/rxwksta.h"	"O:\repos.external\opennt\public\internal\ds\inc\rxwksta.h"	"87e04271fd8474c36fe0a02de4be164bf90b306a2a688811ea66df7bb25db7bd"	"declaration-package"	"M0 T290 S5 original DS declaration package selected for vdmredir/vrnetapi.c; declaration carrier only"
"public/internal/ds/inc/samimp.h"	"source/public/internal/ds/inc/samimp.h"	"O:\repos.external\opennt\public\internal\ds\inc\samimp.h"	"ebc9bb41cad86e8786e57d21d0b5cedf245bc44f87cf957d6d9a123590ecaf62"	"declaration-package"	"M0 T290 S5 original DS declaration package selected for vdmredir/vrnetapi.c; declaration carrier only"
"public/internal/ds/inc/samisrv.h"	"source/public/internal/ds/inc/samisrv.h"	"O:\repos.external\opennt\public\internal\ds\inc\samisrv.h"	"8ebabe6173027f2153994cff892358e5e63d1f553346e79a4aaab89f88f6e080"	"declaration-package"	"M0 T290 S5 original DS declaration package selected for vdmredir/vrnetapi.c; declaration carrier only"
"public/internal/ds/inc/samrpc.h"	"source/public/internal/ds/inc/samrpc.h"	"O:\repos.external\opennt\public\internal\ds\inc\samrpc.h"	"7662c75ac02d9063618cbfb8e7cd319c17f8f4291d91d85ed41ad5f00037d63a"	"declaration-package"	"M0 T290 S5 original DS declaration package selected for vdmredir/vrnetapi.c; declaration carrier only"
"public/internal/ds/inc/samsrv.h"	"source/public/internal/ds/inc/samsrv.h"	"O:\repos.external\opennt\public\internal\ds\inc\samsrv.h"	"d426fcacded24c58ce2793fd3d6ea76f848d0bd2f5a73153955213d93eba1715"	"declaration-package"	"M0 T290 S5 original DS declaration package selected for vdmredir/vrnetapi.c; declaration carrier only"
"public/internal/ds/inc/secobj.h"	"source/public/internal/ds/inc/secobj.h"	"O:\repos.external\opennt\public\internal\ds\inc\secobj.h"	"99e5ea1c424b795235dde4146f07b502a7eff359e0be26774ed87e36fbfa5cbb"	"declaration-package"	"M0 T290 S5 original DS declaration package selected for vdmredir/vrnetapi.c; declaration carrier only"
"public/internal/ds/inc/services.h"	"source/public/internal/ds/inc/services.h"	"O:\repos.external\opennt\public\internal\ds\inc\services.h"	"e7092a2ec6660703800c00bf94736a3cbf7e9e9f1473098a130cab51220676d5"	"declaration-package"	"M0 T290 S5 original DS declaration package selected for vdmredir/vrnetapi.c; declaration carrier only"
"public/internal/ds/inc/ssi.h"	"source/public/internal/ds/inc/ssi.h"	"O:\repos.external\opennt\public\internal\ds\inc\ssi.h"	"522783006081c27d395d5aaa64695bddbd414878dca870ff88f3379938560b75"	"declaration-package"	"M0 T290 S5 original DS declaration package selected for vdmredir/vrnetapi.c; declaration carrier only"
"public/internal/ds/inc/status.h"	"source/public/internal/ds/inc/status.h"	"O:\repos.external\opennt\public\internal\ds\inc\status.h"	"730c928405b92127ca2572327f6d86c0866c098b83bfd3285cf2a388f95c5240"	"declaration-package"	"M0 T290 S5 original DS declaration package selected for vdmredir/vrnetapi.c; declaration carrier only"
"public/internal/ds/inc/strarray.h"	"source/public/internal/ds/inc/strarray.h"	"O:\repos.external\opennt\public\internal\ds\inc\strarray.h"	"89f5cee2992d38781467b555998534db86e64cdbde026301c05e96f1ed43b1a4"	"declaration-package"	"M0 T290 S5 original DS declaration package selected for vdmredir/vrnetapi.c; declaration carrier only"
"public/internal/ds/inc/strucinf.h"	"source/public/internal/ds/inc/strucinf.h"	"O:\repos.external\opennt\public\internal\ds\inc\strucinf.h"	"5dffd99e3a625c86176c8b68e67ad89672a8e4f0727eaa3ca707e7aaf72c352d"	"declaration-package"	"M0 T290 S5 original DS declaration package selected for vdmredir/vrnetapi.c; declaration carrier only"
"public/internal/ds/inc/thread.h"	"source/public/internal/ds/inc/thread.h"	"O:\repos.external\opennt\public\internal\ds\inc\thread.h"	"262ca6ff27f375284e8ccca83dc64fd4fea460e14ed0a7404735b0d5cdbc048d"	"declaration-package"	"M0 T290 S5 original DS declaration package selected for vdmredir/vrnetapi.c; declaration carrier only"
"public/internal/ds/inc/timelib.h"	"source/public/internal/ds/inc/timelib.h"	"O:\repos.external\opennt\public\internal\ds\inc\timelib.h"	"6f44ad84f7119f62c58646f5c1f9405a8e2b6da7d6dc91503264aa4128bd3dcc"	"declaration-package"	"M0 T290 S5 original DS declaration package selected for vdmredir/vrnetapi.c; declaration carrier only"
"public/internal/ds/inc/token.h"	"source/public/internal/ds/inc/token.h"	"O:\repos.external\opennt\public\internal\ds\inc\token.h"	"77c42ea56f99dbbc324f8d15260f72e0e693e0c639803dcd6144d807c5e1ecb1"	"declaration-package"	"M0 T290 S5 original DS declaration package selected for vdmredir/vrnetapi.c; declaration carrier only"
"public/internal/ds/inc/uascache.h"	"source/public/internal/ds/inc/uascache.h"	"O:\repos.external\opennt\public\internal\ds\inc\uascache.h"	"74024f77a5c044130a39bb916b6678523b90cf305b7163ac8a5c287bcd4e2f5d"	"declaration-package"	"M0 T290 S5 original DS declaration package selected for vdmredir/vrnetapi.c; declaration carrier only"
"public/internal/ds/inc/validc.h"	"source/public/internal/ds/inc/validc.h"	"O:\repos.external\opennt\public\internal\ds\inc\validc.h"	"b9d47ecf22d8e5b4e9bb6f6ed67417f27e5b04b8534c461eec6659b817cf105e"	"declaration-package"	"M0 T290 S5 original DS declaration package selected for vdmredir/vrnetapi.c; declaration carrier only"
"public/internal/ds/inc/xsprocs.h"	"source/public/internal/ds/inc/xsprocs.h"	"O:\repos.external\opennt\public\internal\ds\inc\xsprocs.h"	"92f877f06d37706c1f1acabab1784e826be365f637c8fb40a82357b66d8b866f"	"declaration-package"	"M0 T290 S5 original DS declaration package selected for vdmredir/vrnetapi.c; declaration carrier only"
"public/internal/ds/inc/xstypes.h"	"source/public/internal/ds/inc/xstypes.h"	"O:\repos.external\opennt\public\internal\ds\inc\xstypes.h"	"b140254bef8ca8c871c6ca3a94a09c5f858ad9b5560cb687392af22e7c8d8539"	"declaration-package"	"M0 T290 S5 original DS declaration package selected for vdmredir/vrnetapi.c; declaration carrier only"
