"source_path"	"current_sha256"	"canonical_source_path"	"canonical_sha256"	"mirror_identity"
"fax/dirs"	"C104AF22EBD0B2E0FE03A08D10A499EF1821ADECAFA907E63395B5C528FD26F3"	"opennt-4.5/nt/private/mvdm/fax/dirs"	"C104AF22EBD0B2E0FE03A08D10A499EF1821ADECAFA907E63395B5C528FD26F3"	"byte-exact"
"fax/dummy.hlp"	"12F99F53144294750FE8713D580EDA286F4BD95CD9C840DB8AB957DEF8040028"	"opennt-4.5/nt/private/mvdm/fax/dummy.hlp"	"12F99F53144294750FE8713D580EDA286F4BD95CD9C840DB8AB957DEF8040028"	"byte-exact"
"fax/dummy.ppd"	"12F99F53144294750FE8713D580EDA286F4BD95CD9C840DB8AB957DEF8040028"	"opennt-4.5/nt/private/mvdm/fax/dummy.ppd"	"12F99F53144294750FE8713D580EDA286F4BD95CD9C840DB8AB957DEF8040028"	"byte-exact"
"fax/faxcomm.h"	"3F0EBB1007332C1C02B6B32AF42577992886F5E2447433C0193CC89B988B25F4"	"opennt-4.5/nt/private/mvdm/fax/faxcomm.h"	"3F0EBB1007332C1C02B6B32AF42577992886F5E2447433C0193CC89B988B25F4"	"byte-exact"
"fax/printer.inf"	"C3F15C09D4556009E6484E1C08D01D8405C9B1080F3B963C31F5955443DE6949"	"opennt-4.5/nt/private/mvdm/fax/printer.inf"	"C3F15C09D4556009E6484E1C08D01D8405C9B1080F3B963C31F5955443DE6949"	"byte-exact"
"fax/wowfax/makefile"	"26957856E8A7F42A1740419CF3451497129F1D8284301D42F1A89EE13DD5A459"	"opennt-4.5/nt/private/mvdm/fax/wowfax/makefile"	"26957856E8A7F42A1740419CF3451497129F1D8284301D42F1A89EE13DD5A459"	"byte-exact"
"fax/wowfax/sources"	"5C5F6E9961909600BBDA91264DA9524D02CEBFC0831A491FDAA003492B2035A8"	"opennt-4.5/nt/private/mvdm/fax/wowfax/sources"	"5C5F6E9961909600BBDA91264DA9524D02CEBFC0831A491FDAA003492B2035A8"	"byte-exact"
"fax/wowfax/wowfax.c"	"CF77AD0A7FAD02C80A872C388EBF5B38D59E69CCA2B84C36D316734C095381D4"	"opennt-4.5/nt/private/mvdm/fax/wowfax/wowfax.c"	"CF77AD0A7FAD02C80A872C388EBF5B38D59E69CCA2B84C36D316734C095381D4"	"byte-exact"
"fax/wowfax/wowfax.def"	"4C62075FC119FF7C44CBDC554470F044C102BCBC420F8CD3CD4B9F0C12A4F983"	"opennt-4.5/nt/private/mvdm/fax/wowfax/wowfax.def"	"4C62075FC119FF7C44CBDC554470F044C102BCBC420F8CD3CD4B9F0C12A4F983"	"byte-exact"
"fax/wowfax/wowfax.rc"	"ED78F5F9A5046511D4624EAE5CA0D6B13913A6A5CDE23B7AEEE3E9E2478A1120"	"opennt-4.5/nt/private/mvdm/fax/wowfax/wowfax.rc"	"ED78F5F9A5046511D4624EAE5CA0D6B13913A6A5CDE23B7AEEE3E9E2478A1120"	"byte-exact"
"fax/wowfax/wowfaxdd.h"	"B198E348FAD62C416D8451DDD24E25F76132786A1CC8AED6A9C4B481F7518129"	"opennt-4.5/nt/private/mvdm/fax/wowfax/wowfaxdd.h"	"B198E348FAD62C416D8451DDD24E25F76132786A1CC8AED6A9C4B481F7518129"	"byte-exact"
"fax/wowfaxui/makefile"	"26957856E8A7F42A1740419CF3451497129F1D8284301D42F1A89EE13DD5A459"	"opennt-4.5/nt/private/mvdm/fax/wowfaxui/makefile"	"26957856E8A7F42A1740419CF3451497129F1D8284301D42F1A89EE13DD5A459"	"byte-exact"
"fax/wowfaxui/sources"	"693B15E2A3FB3CD22B5761BBDB2418D574C075408D5D4AE6AA6CB9CE3E705852"	"opennt-4.5/nt/private/mvdm/fax/wowfaxui/sources"	"693B15E2A3FB3CD22B5761BBDB2418D574C075408D5D4AE6AA6CB9CE3E705852"	"byte-exact"
"fax/wowfaxui/wfhelper.c"	"BF8CD7FE0A51E9339B98C1CED13A7D295A25A0F49DC08BE83D7C07E1B6785BEC"	"opennt-4.5/nt/private/mvdm/fax/wowfaxui/wfhelper.c"	"BF8CD7FE0A51E9339B98C1CED13A7D295A25A0F49DC08BE83D7C07E1B6785BEC"	"byte-exact"
"fax/wowfaxui/wfsheets.c"	"C43B25CB761CD8A3CA6DD95C3E4707B9A118544A1BCBC014CA5C780A40F0AAC6"	"opennt-4.5/nt/private/mvdm/fax/wowfaxui/wfsheets.c"	"C43B25CB761CD8A3CA6DD95C3E4707B9A118544A1BCBC014CA5C780A40F0AAC6"	"byte-exact"
"fax/wowfaxui/wfsheets.h"	"262CCB34768EABC0E64C6EA30096356C3823E5872A790991785CEA0B72CFCF0C"	"opennt-4.5/nt/private/mvdm/fax/wowfaxui/wfsheets.h"	"262CCB34768EABC0E64C6EA30096356C3823E5872A790991785CEA0B72CFCF0C"	"byte-exact"
"fax/wowfaxui/wfupgrad.c"	"67D44211D4014E713116B72347159DA85DF18EC5D9042094C009357F9062617E"	"opennt-4.5/nt/private/mvdm/fax/wowfaxui/wfupgrad.c"	"67D44211D4014E713116B72347159DA85DF18EC5D9042094C009357F9062617E"	"byte-exact"
"fax/wowfaxui/wowfaxui.c"	"D96BF03EBD449B537C25E0126529AF008E5ECC8D7421658497FE35FDE4261CA4"	"opennt-4.5/nt/private/mvdm/fax/wowfaxui/wowfaxui.c"	"D96BF03EBD449B537C25E0126529AF008E5ECC8D7421658497FE35FDE4261CA4"	"byte-exact"
"fax/wowfaxui/wowfaxui.def"	"A73B79DF1AF0324E7B29ABF9E9664994CA69FCA6BCDE21A36A6AC8F741FBB6F0"	"opennt-4.5/nt/private/mvdm/fax/wowfaxui/wowfaxui.def"	"A73B79DF1AF0324E7B29ABF9E9664994CA69FCA6BCDE21A36A6AC8F741FBB6F0"	"byte-exact"
"fax/wowfaxui/wowfaxui.h"	"88D90B14CEC1EBF6CB08D142F8CCC19B9DCB246CF9FAB6C63124B468284CDF51"	"opennt-4.5/nt/private/mvdm/fax/wowfaxui/wowfaxui.h"	"88D90B14CEC1EBF6CB08D142F8CCC19B9DCB246CF9FAB6C63124B468284CDF51"	"byte-exact"
"fax/wowfaxui/wowfaxui.rc"	"0EB16F981EDCE319863EF147175A0F66F7C403D3CA3BB826FBE29E179E059097"	"opennt-4.5/nt/private/mvdm/fax/wowfaxui/wowfaxui.rc"	"0EB16F981EDCE319863EF147175A0F66F7C403D3CA3BB826FBE29E179E059097"	"byte-exact"
"wow32/debug.c"	"0B78331BEE5BD87CA5F786D162F345A46A04C255FDEA1BC6733FB2F171AD02A2"	"opennt-4.5/nt/private/mvdm/wow32/debug.c"	"0B78331BEE5BD87CA5F786D162F345A46A04C255FDEA1BC6733FB2F171AD02A2"	"byte-exact"
"wow32/fastwow.h"	"0A59CCBB6B0BF66982352BFEFDA5C08867EC44DD9FF55731D2B701035D684520"	"opennt-4.5/nt/private/mvdm/wow32/fastwow.h"	"0A59CCBB6B0BF66982352BFEFDA5C08867EC44DD9FF55731D2B701035D684520"	"byte-exact"
"wow32/i386/callpr32.asm"	"03A5F10DB0449058F61822ADFA928713DFD8F5CF3F31F6A46656AFF4D4C78BE7"	"opennt-4.5/nt/private/mvdm/wow32/i386/callpr32.asm"	"03A5F10DB0449058F61822ADFA928713DFD8F5CF3F31F6A46656AFF4D4C78BE7"	"byte-exact"
"wow32/i386/fastwow.asm"	"9B0C44D32EDB5FDEE9C20028CBECAF569F2C53CBAC28048C1BD97E93248A07A9"	"opennt-4.5/nt/private/mvdm/wow32/i386/fastwow.asm"	"9B0C44D32EDB5FDEE9C20028CBECAF569F2C53CBAC28048C1BD97E93248A07A9"	"byte-exact"
"wow32/i386/sources"	"4C56F6AA3DBE83AA7A7A2B6F59ABEF8987C1856FA0834337DF8A80AEA364FA5A"	"opennt-4.5/nt/private/mvdm/wow32/i386/sources"	"4C56F6AA3DBE83AA7A7A2B6F59ABEF8987C1856FA0834337DF8A80AEA364FA5A"	"byte-exact"
"wow32/isvwow.h"	"3B8357D8FA20CFBEBCF5307D0ABF0471AD93D1C74CD2C9BBE2EA42E9D2F4E132"	"opennt-4.5/nt/private/mvdm/wow32/isvwow.h"	"3B8357D8FA20CFBEBCF5307D0ABF0471AD93D1C74CD2C9BBE2EA42E9D2F4E132"	"byte-exact"
"wow32/isz.h"	"7168BE4C0F441B97E25C04894EF9B331A1577ADB002F6E5F116F262D25CD5892"	"opennt-4.5/nt/private/mvdm/wow32/isz.h"	"7168BE4C0F441B97E25C04894EF9B331A1577ADB002F6E5F116F262D25CD5892"	"byte-exact"
"wow32/makefile"	"7E0E511BD718A1D3667B643B8E73D804762FE1C638337D7931A15FA69E05CE0E"	"opennt-4.5/nt/private/mvdm/wow32/makefile"	"7E0E511BD718A1D3667B643B8E73D804762FE1C638337D7931A15FA69E05CE0E"	"byte-exact"
"wow32/makefile.inc"	"A8C98A39578E2E01D9EAB905A87AA2E7638EFE1BD1328B3E7380AD7315B6DE43"	"opennt-4.5/nt/private/mvdm/wow32/makefile.inc"	"A8C98A39578E2E01D9EAB905A87AA2E7638EFE1BD1328B3E7380AD7315B6DE43"	"byte-exact"
"wow32/mapembed.c"	"55C13643489F5BCC9419CE0341ACCB284F946D8D75352527A3B9181DFEB4A385"	"opennt-4.5/nt/private/mvdm/wow32/mapembed.c"	"55C13643489F5BCC9419CE0341ACCB284F946D8D75352527A3B9181DFEB4A385"	"byte-exact"
"wow32/mapembed.h"	"90FD350C4770756416917CF3E3318A7926B15760C1B15C32E22D9EB6FD045FD7"	"opennt-4.5/nt/private/mvdm/wow32/mapembed.h"	"90FD350C4770756416917CF3E3318A7926B15760C1B15C32E22D9EB6FD045FD7"	"byte-exact"
"wow32/precomp.h"	"B4841D516682F6677332FEDE6CA47187BFDC132A288F71564378A1C87F7BB314"	"opennt-4.5/nt/private/mvdm/wow32/precomp.h"	"B4841D516682F6677332FEDE6CA47187BFDC132A288F71564378A1C87F7BB314"	"byte-exact"
"wow32/sources"	"D24767FF50C4C7017E6FCF5F550E120DB0F580F7C07C77CBE7E99E4432F52B36"	"opennt-4.5/nt/private/mvdm/wow32/sources"	"D24767FF50C4C7017E6FCF5F550E120DB0F580F7C07C77CBE7E99E4432F52B36"	"byte-exact"
"wow32/sz.src"	"8F2489B4E39F39531F5EF69BE267D27EA4E9868863017225C81B9F0D72B8D107"	"opennt-4.5/nt/private/mvdm/wow32/sz.src"	"8F2489B4E39F39531F5EF69BE267D27EA4E9868863017225C81B9F0D72B8D107"	"byte-exact"
"wow32/thunkdll.txt"	"E5323E63E53DFE15E3C4F03A18FDA80086038194B661F4543C08165E37AA44E2"	"opennt-4.5/nt/private/mvdm/wow32/thunkdll.txt"	"E5323E63E53DFE15E3C4F03A18FDA80086038194B661F4543C08165E37AA44E2"	"byte-exact"
"wow32/waccel.c"	"C78DD24195E1A7D28DC3A9EE535B4104E9859F98EA8869F8F5591BC9C159A8E8"	"opennt-4.5/nt/private/mvdm/wow32/waccel.c"	"C78DD24195E1A7D28DC3A9EE535B4104E9859F98EA8869F8F5591BC9C159A8E8"	"byte-exact"
"wow32/waccel.h"	"3E004870D439167F62980D25F331BC26A06E267B0DF1C34688CEDDBC69DE223E"	"opennt-4.5/nt/private/mvdm/wow32/waccel.h"	"3E004870D439167F62980D25F331BC26A06E267B0DF1C34688CEDDBC69DE223E"	"byte-exact"
"wow32/walias.c"	"6118B6837C7ED291CC9D70446B7D691699D49C9EF6F2BE60D8E0FAC478D93B65"	"opennt-4.5/nt/private/mvdm/wow32/walias.c"	"6118B6837C7ED291CC9D70446B7D691699D49C9EF6F2BE60D8E0FAC478D93B65"	"byte-exact"
"wow32/walias.h"	"C87AE2F07B48F09276D205E2236D97F084F75F21706C524CB27734A3E36001CC"	"opennt-4.5/nt/private/mvdm/wow32/walias.h"	"C87AE2F07B48F09276D205E2236D97F084F75F21706C524CB27734A3E36001CC"	"byte-exact"
"wow32/walloc16.c"	"6A1111899ADF5351E03F9989325D2412EF0716DA307A36793DC35ABF585C81F2"	"opennt-4.5/nt/private/mvdm/wow32/walloc16.c"	"6A1111899ADF5351E03F9989325D2412EF0716DA307A36793DC35ABF585C81F2"	"byte-exact"
"wow32/wcall16.c"	"4875844ABFB8D22025480C14174481A194779D83759CE3A696E978B68C55A9F0"	"opennt-4.5/nt/private/mvdm/wow32/wcall16.c"	"4875844ABFB8D22025480C14174481A194779D83759CE3A696E978B68C55A9F0"	"byte-exact"
"wow32/wcall16.h"	"A1E95E5B8C27BB71613BA0C47C3181F000529D98235601DA58B6A1169D79F01E"	"opennt-4.5/nt/private/mvdm/wow32/wcall16.h"	"A1E95E5B8C27BB71613BA0C47C3181F000529D98235601DA58B6A1169D79F01E"	"byte-exact"
"wow32/wcall32.c"	"0F72AE39E691F3EF672DF4F1AEB3EBB6443E87F091FB6322EF1C13604AB3D571"	"opennt-4.5/nt/private/mvdm/wow32/wcall32.c"	"0F72AE39E691F3EF672DF4F1AEB3EBB6443E87F091FB6322EF1C13604AB3D571"	"byte-exact"
"wow32/wcall32.h"	"1432B8D6F2ADACB9EF23EF85991079ECD0E39A4C2675CB535D04E04BEB8D04AB"	"opennt-4.5/nt/private/mvdm/wow32/wcall32.h"	"1432B8D6F2ADACB9EF23EF85991079ECD0E39A4C2675CB535D04E04BEB8D04AB"	"byte-exact"
"wow32/wcmdgtbl.h"	"4C320281E81D1CECFAD832587C4887E9D96E09488348234BC276FF4B5CC00B32"	"opennt-4.5/nt/private/mvdm/wow32/wcmdgtbl.h"	"4C320281E81D1CECFAD832587C4887E9D96E09488348234BC276FF4B5CC00B32"	"byte-exact"
"wow32/wcntl32.c"	"36C8CB9A46F13998D0459BC4869DC6DD4191423C0429A7335EBD26F68C804B59"	"opennt-4.5/nt/private/mvdm/wow32/wcntl32.c"	"36C8CB9A46F13998D0459BC4869DC6DD4191423C0429A7335EBD26F68C804B59"	"byte-exact"
"wow32/wcntl32.h"	"CB390C859CEB36946BE4BAEC6B91D517BDB130C047E64249FF7CA688D1BBF7BD"	"opennt-4.5/nt/private/mvdm/wow32/wcntl32.h"	"CB390C859CEB36946BE4BAEC6B91D517BDB130C047E64249FF7CA688D1BBF7BD"	"byte-exact"
"wow32/wcommdlg.c"	"01CE83329AE37A3E987971398115B8C7B5D9DCBC3320BDFFAAA595244740A7D0"	"opennt-4.5/nt/private/mvdm/wow32/wcommdlg.c"	"01CE83329AE37A3E987971398115B8C7B5D9DCBC3320BDFFAAA595244740A7D0"	"byte-exact"
"wow32/wcommdlg.h"	"F2229629FE88AC3A5243200AF9F9F92A6A853D39322FD470DE1CBA588A5E9E69"	"opennt-4.5/nt/private/mvdm/wow32/wcommdlg.h"	"F2229629FE88AC3A5243200AF9F9F92A6A853D39322FD470DE1CBA588A5E9E69"	"byte-exact"
"wow32/wctlm32.c"	"E5C1218929F64A5BB1C2227AB1903E095E0DB50E3A1F44DBB4AD4A028579B8CA"	"opennt-4.5/nt/private/mvdm/wow32/wctlm32.c"	"E5C1218929F64A5BB1C2227AB1903E095E0DB50E3A1F44DBB4AD4A028579B8CA"	"byte-exact"
"wow32/wctlm32.h"	"FDC8D63510ADB6CA75D03DB984D7812E1711CBDDBF23F3F654A3B8D5FBBE253B"	"opennt-4.5/nt/private/mvdm/wow32/wctlm32.h"	"FDC8D63510ADB6CA75D03DB984D7812E1711CBDDBF23F3F654A3B8D5FBBE253B"	"byte-exact"
"wow32/wcurcash.c"	"ED9FA5EE3EB6CE9059D58F21DEA3A7416B0229678F7F62918DE02A2CF78D0E61"	"opennt-4.5/nt/private/mvdm/wow32/wcurcash.c"	"ED9FA5EE3EB6CE9059D58F21DEA3A7416B0229678F7F62918DE02A2CF78D0E61"	"byte-exact"
"wow32/wcurcash.h"	"159B3E0683659F36F567E5C7878BBADB82F6DFBBCC180EAECA1487BAEF229231"	"opennt-4.5/nt/private/mvdm/wow32/wcurcash.h"	"159B3E0683659F36F567E5C7878BBADB82F6DFBBCC180EAECA1487BAEF229231"	"byte-exact"
"wow32/wcuricon.c"	"5F654AB2A98B2925474DFFD49C5A3ABAAEFACF6193375AF3794E70731C4E8673"	"opennt-4.5/nt/private/mvdm/wow32/wcuricon.c"	"5F654AB2A98B2925474DFFD49C5A3ABAAEFACF6193375AF3794E70731C4E8673"	"byte-exact"
"wow32/wcuricon.h"	"34064BBF8E47655EA4A92A3C9D26A6BEFBCA2A8497AF3F82FA557BBAEC29CE81"	"opennt-4.5/nt/private/mvdm/wow32/wcuricon.h"	"34064BBF8E47655EA4A92A3C9D26A6BEFBCA2A8497AF3F82FA557BBAEC29CE81"	"byte-exact"
"wow32/wdde.c"	"859EFD3356F46B646AF8373112297212DE2016DE9A2587AF580D6D99B64DF6AA"	"opennt-4.5/nt/private/mvdm/wow32/wdde.c"	"859EFD3356F46B646AF8373112297212DE2016DE9A2587AF580D6D99B64DF6AA"	"byte-exact"
"wow32/wdde.h"	"05839FFE54047BACC09DBC2D9AD76E8E6DFC4ADFA9D0DE324C7D9F25001609D4"	"opennt-4.5/nt/private/mvdm/wow32/wdde.h"	"05839FFE54047BACC09DBC2D9AD76E8E6DFC4ADFA9D0DE324C7D9F25001609D4"	"byte-exact"
"wow32/wddeml32.c"	"13DB1E133CBB9BE8037FE9A57B1CF637F744EF23C9277697C096486BDE3A8C2C"	"opennt-4.5/nt/private/mvdm/wow32/wddeml32.c"	"13DB1E133CBB9BE8037FE9A57B1CF637F744EF23C9277697C096486BDE3A8C2C"	"byte-exact"
"wow32/wddeml32.h"	"B74CDA34EC90308AA0212142E7282A878DD7C2267A0305C07147543C0B0A0A52"	"opennt-4.5/nt/private/mvdm/wow32/wddeml32.h"	"B74CDA34EC90308AA0212142E7282A878DD7C2267A0305C07147543C0B0A0A52"	"byte-exact"
"wow32/wddetbl2.h"	"AE89A2A82C10AD6FF2B8A41F7E876AF2286B9AD48C8441B7726D901483E30148"	"opennt-4.5/nt/private/mvdm/wow32/wddetbl2.h"	"AE89A2A82C10AD6FF2B8A41F7E876AF2286B9AD48C8441B7726D901483E30148"	"byte-exact"
"wow32/wdib.c"	"D0BD4F9CB7BBA0DC5E977A8C096337DF0830E3804EF6AEB8759CF979176DD910"	"opennt-4.5/nt/private/mvdm/wow32/wdib.c"	"D0BD4F9CB7BBA0DC5E977A8C096337DF0830E3804EF6AEB8759CF979176DD910"	"byte-exact"
"wow32/wdib.h"	"AC3C662CAD367DC6C63C0812A376FBCC7BAE5DF7407BAE6EADBCFAEEE3D78CF4"	"opennt-4.5/nt/private/mvdm/wow32/wdib.h"	"AC3C662CAD367DC6C63C0812A376FBCC7BAE5DF7407BAE6EADBCFAEEE3D78CF4"	"byte-exact"
"wow32/wdos.c"	"E87B5CB3825ED937266C3BADD287EFD03CEC3AF0C26ACB32CCC86D71FA47F314"	"opennt-4.5/nt/private/mvdm/wow32/wdos.c"	"E87B5CB3825ED937266C3BADD287EFD03CEC3AF0C26ACB32CCC86D71FA47F314"	"byte-exact"
"wow32/wdos.h"	"1423FD130D03880C90591F8F31885800F93CBCEE405B59894BB984424293966D"	"opennt-4.5/nt/private/mvdm/wow32/wdos.h"	"1423FD130D03880C90591F8F31885800F93CBCEE405B59894BB984424293966D"	"byte-exact"
"wow32/wgdi.c"	"4C28E5166B294AC2A17982B3FF6E6559F369B8A8A2DD766AA18E16C8F74379D6"	"opennt-4.5/nt/private/mvdm/wow32/wgdi.c"	"4C28E5166B294AC2A17982B3FF6E6559F369B8A8A2DD766AA18E16C8F74379D6"	"byte-exact"
"wow32/wgdi.h"	"14BED9C13085E4165A1912C69F0942DA5637489FC536CC415F3883366AD034D6"	"opennt-4.5/nt/private/mvdm/wow32/wgdi.h"	"14BED9C13085E4165A1912C69F0942DA5637489FC536CC415F3883366AD034D6"	"byte-exact"
"wow32/wgdi31.c"	"38D1D570FD1625AFFDF99EB1CE072E78B26A532ABFD5FC9DD32C10B2C46D06E6"	"opennt-4.5/nt/private/mvdm/wow32/wgdi31.c"	"38D1D570FD1625AFFDF99EB1CE072E78B26A532ABFD5FC9DD32C10B2C46D06E6"	"byte-exact"
"wow32/wgdi31.h"	"E7BE60E1D9B0C2FAA7BC42FB02AE3CF0FC188F6F00729C88E7E8F9CA33280B37"	"opennt-4.5/nt/private/mvdm/wow32/wgdi31.h"	"E7BE60E1D9B0C2FAA7BC42FB02AE3CF0FC188F6F00729C88E7E8F9CA33280B37"	"byte-exact"
"wow32/wgfont.c"	"383A2AECB42C3B96AEE822559F9C9D331C1ED7BCDC7E089D018DEFC33C3FC969"	"opennt-4.5/nt/private/mvdm/wow32/wgfont.c"	"383A2AECB42C3B96AEE822559F9C9D331C1ED7BCDC7E089D018DEFC33C3FC969"	"byte-exact"
"wow32/wgfont.h"	"CFE03BFC28C71E6AAC2715112A591F7CAB7B1D0EB9D06D4CF97FDCBA21D0E15D"	"opennt-4.5/nt/private/mvdm/wow32/wgfont.h"	"CFE03BFC28C71E6AAC2715112A591F7CAB7B1D0EB9D06D4CF97FDCBA21D0E15D"	"byte-exact"
"wow32/wgman.c"	"C3BD58FC081256AF5F14653F1A15F56693BCF06EA5B20C2E15E4E0DDCC29B101"	"opennt-4.5/nt/private/mvdm/wow32/wgman.c"	"C3BD58FC081256AF5F14653F1A15F56693BCF06EA5B20C2E15E4E0DDCC29B101"	"byte-exact"
"wow32/wgman.h"	"191937F2EAE51746A02815DE843A897418DE73B19C99AABED93085A99E1D477C"	"opennt-4.5/nt/private/mvdm/wow32/wgman.h"	"191937F2EAE51746A02815DE843A897418DE73B19C99AABED93085A99E1D477C"	"byte-exact"
"wow32/wgmeta.c"	"213B4AA2F1F7A11AC310D7152027DA2DA0EA804B9EFEB6FEFC0CF609CE3D5260"	"opennt-4.5/nt/private/mvdm/wow32/wgmeta.c"	"213B4AA2F1F7A11AC310D7152027DA2DA0EA804B9EFEB6FEFC0CF609CE3D5260"	"byte-exact"
"wow32/wgmeta.h"	"2A20DC9AB3210F9015615520DE2E759F896D64AB9AA2631C754C954944696CAE"	"opennt-4.5/nt/private/mvdm/wow32/wgmeta.h"	"2A20DC9AB3210F9015615520DE2E759F896D64AB9AA2631C754C954944696CAE"	"byte-exact"
"wow32/wgpal.c"	"942BD3C12615416A532638DF4B53A08E963BD1E60DD0D081FD34765ACE0872C8"	"opennt-4.5/nt/private/mvdm/wow32/wgpal.c"	"942BD3C12615416A532638DF4B53A08E963BD1E60DD0D081FD34765ACE0872C8"	"byte-exact"
"wow32/wgpal.h"	"183C2384851DFAE9BDA593970ECA2ECC9E1E940F0418B84FF477AF7E86EAF582"	"opennt-4.5/nt/private/mvdm/wow32/wgpal.h"	"183C2384851DFAE9BDA593970ECA2ECC9E1E940F0418B84FF477AF7E86EAF582"	"byte-exact"
"wow32/wgprnset.c"	"7E53074328ACE93AE8CE39FB218FA780FF868999B40F7904FDBBFF45FBD7B990"	"opennt-4.5/nt/private/mvdm/wow32/wgprnset.c"	"7E53074328ACE93AE8CE39FB218FA780FF868999B40F7904FDBBFF45FBD7B990"	"byte-exact"
"wow32/wgprnset.h"	"6A5B7B76249B5209AA7D4B9FD2F6C29786676F3293AF68A4FDC0FEE1E52BD9E7"	"opennt-4.5/nt/private/mvdm/wow32/wgprnset.h"	"6A5B7B76249B5209AA7D4B9FD2F6C29786676F3293AF68A4FDC0FEE1E52BD9E7"	"byte-exact"
"wow32/wgtbl.h"	"43CC4724B0E6040C0ED6CDF12C4478C40A1E0BCD3B74BF6B32D91B9F77DF71A1"	"opennt-4.5/nt/private/mvdm/wow32/wgtbl.h"	"43CC4724B0E6040C0ED6CDF12C4478C40A1E0BCD3B74BF6B32D91B9F77DF71A1"	"byte-exact"
"wow32/wgtbl2.h"	"DACD3DAD507BF731B23F4CD80BA402027DD9727B3E2B15D9EC33F0764BBDBD07"	"opennt-4.5/nt/private/mvdm/wow32/wgtbl2.h"	"DACD3DAD507BF731B23F4CD80BA402027DD9727B3E2B15D9EC33F0764BBDBD07"	"byte-exact"
"wow32/wgtext.c"	"863EFA2383AFDDC1419D291C94112CBC87E918DA59A33ECD483884C323D3AFDD"	"opennt-4.5/nt/private/mvdm/wow32/wgtext.c"	"863EFA2383AFDDC1419D291C94112CBC87E918DA59A33ECD483884C323D3AFDD"	"byte-exact"
"wow32/wgtext.h"	"3253E077DA714AD87BC526A55522032290FF8E9A8F2728DF490FE1DB05EA5EF5"	"opennt-4.5/nt/private/mvdm/wow32/wgtext.h"	"3253E077DA714AD87BC526A55522032290FF8E9A8F2728DF490FE1DB05EA5EF5"	"byte-exact"
"wow32/wheap.c"	"BE3AF89DA01D5A6F296A47B7E505E2D6598B4C4E1A5CB35E76DAB3AC839848DE"	"opennt-4.5/nt/private/mvdm/wow32/wheap.c"	"BE3AF89DA01D5A6F296A47B7E505E2D6598B4C4E1A5CB35E76DAB3AC839848DE"	"byte-exact"
"wow32/wheap.h"	"2F2D102A6651259FE3FA290D63BEB8544F1D54D08C930AE4A12EFAF0BD55D7D4"	"opennt-4.5/nt/private/mvdm/wow32/wheap.h"	"2F2D102A6651259FE3FA290D63BEB8544F1D54D08C930AE4A12EFAF0BD55D7D4"	"byte-exact"
"wow32/win30api.xls"	"440676F0E110C9CFCFFBB246D364A50198323C716FEE98FC9C642C69102D11BE"	"opennt-4.5/nt/private/mvdm/wow32/win30api.xls"	"440676F0E110C9CFCFFBB246D364A50198323C716FEE98FC9C642C69102D11BE"	"byte-exact"
"wow32/winsockp.h"	"08E825BA1CE4B4226BF46045FFB2C0DAD08E38A6A9BBB18653215C64A05086D1"	"opennt-4.5/nt/private/mvdm/wow32/winsockp.h"	"08E825BA1CE4B4226BF46045FFB2C0DAD08E38A6A9BBB18653215C64A05086D1"	"byte-exact"
"wow32/winspldl.h"	"1536AFD93C023039E526EF708F405D80A8B1AF5683EE9FEB6BA16959860A847E"	"opennt-4.5/nt/private/mvdm/wow32/winspldl.h"	"1536AFD93C023039E526EF708F405D80A8B1AF5683EE9FEB6BA16959860A847E"	"byte-exact"
"wow32/wintype.xls"	"2C6ACD290ADCAF4D44620539AF833AA58B28CD8845CB0D3D4789211085EF9BD0"	"opennt-4.5/nt/private/mvdm/wow32/wintype.xls"	"2C6ACD290ADCAF4D44620539AF833AA58B28CD8845CB0D3D4789211085EF9BD0"	"byte-exact"
"wow32/witbl.h"	"F6C77E7764D702501085CE7BE7F8D8BA79CB70673E6830CB9B7FD7D0550A2A03"	"opennt-4.5/nt/private/mvdm/wow32/witbl.h"	"F6C77E7764D702501085CE7BE7F8D8BA79CB70673E6830CB9B7FD7D0550A2A03"	"byte-exact"
"wow32/wkbdtbl2.h"	"B00166F7ABF269442FA1AA4B5C07AB1C08AB126C15E886DD654F519FBEABB0EB"	"opennt-4.5/nt/private/mvdm/wow32/wkbdtbl2.h"	"B00166F7ABF269442FA1AA4B5C07AB1C08AB126C15E886DD654F519FBEABB0EB"	"byte-exact"
"wow32/wkbman.c"	"D5D728A2E7527814343BD2470BCE98CA9028796FF7E404C7FE7B57ABBCFE4367"	"opennt-4.5/nt/private/mvdm/wow32/wkbman.c"	"D5D728A2E7527814343BD2470BCE98CA9028796FF7E404C7FE7B57ABBCFE4367"	"byte-exact"
"wow32/wkbman.h"	"518922370D849B9E37F564F48B786F45559710AF7677CC43B62D5AAD85F929CC"	"opennt-4.5/nt/private/mvdm/wow32/wkbman.h"	"518922370D849B9E37F564F48B786F45559710AF7677CC43B62D5AAD85F929CC"	"byte-exact"
"wow32/wkbtbl.h"	"416AA19BD74BFDF5B5B4BB7AE849FEE56E9ECC378F47EEA9F70ED252D8DB8CC6"	"opennt-4.5/nt/private/mvdm/wow32/wkbtbl.h"	"416AA19BD74BFDF5B5B4BB7AE849FEE56E9ECC378F47EEA9F70ED252D8DB8CC6"	"byte-exact"
"wow32/wkernel.c"	"C07F5E981D65F6911419990292FD3466D487FD79FF52B4819BB9905F808E68BD"	"opennt-4.5/nt/private/mvdm/wow32/wkernel.c"	"C07F5E981D65F6911419990292FD3466D487FD79FF52B4819BB9905F808E68BD"	"byte-exact"
"wow32/wkernel.h"	"F5A886ADDEC40935BD442845052C54BF7C56D54CCFD96B0A408CE6D24E607184"	"opennt-4.5/nt/private/mvdm/wow32/wkernel.h"	"F5A886ADDEC40935BD442845052C54BF7C56D54CCFD96B0A408CE6D24E607184"	"byte-exact"
"wow32/wkfileio.c"	"F2D224C7730EB97E3ECB1F24E8072EE157F085557F96A15A5FFE070989D3D3EF"	"opennt-4.5/nt/private/mvdm/wow32/wkfileio.c"	"3437D0886EC49109668F09A46F5CF8B533CCFBD08F78EF441CBF71853482A8AD"	"registered MVDM-HOST-DIV-007"
"wow32/wkfileio.h"	"C60B67D47069D212A75FEF09A3BAD25542CAEAAC77D5A442DFC3E4217923ED14"	"opennt-4.5/nt/private/mvdm/wow32/wkfileio.h"	"C60B67D47069D212A75FEF09A3BAD25542CAEAAC77D5A442DFC3E4217923ED14"	"byte-exact"
"wow32/wkglobal.c"	"7B7E81EDAE26D68F6577A4928274FF7244637807805B268E62D4EE3CE3E7A1E9"	"opennt-4.5/nt/private/mvdm/wow32/wkglobal.c"	"7B7E81EDAE26D68F6577A4928274FF7244637807805B268E62D4EE3CE3E7A1E9"	"byte-exact"
"wow32/wkglobal.h"	"3F17FAE6A9962AF439050E188E139D264BBB33B059DE1D450048D904D3B5F3D2"	"opennt-4.5/nt/private/mvdm/wow32/wkglobal.h"	"3F17FAE6A9962AF439050E188E139D264BBB33B059DE1D450048D904D3B5F3D2"	"byte-exact"
"wow32/wkgthunk.c"	"787DFD9D5135B71CDFF6CA2BCC8145BD3EDF5E2EA26B7E9C87B14176F82EFEEC"	"opennt-4.5/nt/private/mvdm/wow32/wkgthunk.c"	"787DFD9D5135B71CDFF6CA2BCC8145BD3EDF5E2EA26B7E9C87B14176F82EFEEC"	"byte-exact"
"wow32/wkgthunk.h"	"87E01C6D4E7DD4CD96238649530A7A3FC180B06CC4C060B49AB45CB892E74993"	"opennt-4.5/nt/private/mvdm/wow32/wkgthunk.h"	"87E01C6D4E7DD4CD96238649530A7A3FC180B06CC4C060B49AB45CB892E74993"	"byte-exact"
"wow32/wklocal.c"	"88FAEB38403ED790FF538383125B7BF1481A125D1F3F9C69F79BC1E6E1EF6ECB"	"opennt-4.5/nt/private/mvdm/wow32/wklocal.c"	"88FAEB38403ED790FF538383125B7BF1481A125D1F3F9C69F79BC1E6E1EF6ECB"	"byte-exact"
"wow32/wklocal.h"	"C80F41BF0882C55F2935FF2CFA82A2FC590B63A92DCB0837898489275875749A"	"opennt-4.5/nt/private/mvdm/wow32/wklocal.h"	"C80F41BF0882C55F2935FF2CFA82A2FC590B63A92DCB0837898489275875749A"	"byte-exact"
"wow32/wkman.c"	"56BE1989F2BC3ACAFFCFA6345B20E38F5E7312BADF03AF04D4565F8F4A489AC9"	"opennt-4.5/nt/private/mvdm/wow32/wkman.c"	"56BE1989F2BC3ACAFFCFA6345B20E38F5E7312BADF03AF04D4565F8F4A489AC9"	"byte-exact"
"wow32/wkman.h"	"730EC4DEE5B07377C8533A82596BA9A9934CE74AF355603AA6BAD2637AD3BC8C"	"opennt-4.5/nt/private/mvdm/wow32/wkman.h"	"730EC4DEE5B07377C8533A82596BA9A9934CE74AF355603AA6BAD2637AD3BC8C"	"byte-exact"
"wow32/wkmem.c"	"9D0FAE5E7719398D5D9776602664D5F9A0DD4BDD81E79616AD848035007D4722"	"opennt-4.5/nt/private/mvdm/wow32/wkmem.c"	"9D0FAE5E7719398D5D9776602664D5F9A0DD4BDD81E79616AD848035007D4722"	"byte-exact"
"wow32/wkmem.h"	"313BD585B854DDFA21D8029814D78A5560AEF3564179CEF82E5819FBF64DA524"	"opennt-4.5/nt/private/mvdm/wow32/wkmem.h"	"313BD585B854DDFA21D8029814D78A5560AEF3564179CEF82E5819FBF64DA524"	"byte-exact"
"wow32/wktbl.h"	"054DC8C4703BDE7388D9131DD84C9D3D64913D42A4F251EB89088587A0C2347F"	"opennt-4.5/nt/private/mvdm/wow32/wktbl.h"	"054DC8C4703BDE7388D9131DD84C9D3D64913D42A4F251EB89088587A0C2347F"	"byte-exact"
"wow32/wktbl2.h"	"906A9371263F08CA073AA74D0F87B57076C21FDEA5587B930398582B7C16B6F9"	"opennt-4.5/nt/private/mvdm/wow32/wktbl2.h"	"906A9371263F08CA073AA74D0F87B57076C21FDEA5587B930398582B7C16B6F9"	"byte-exact"
"wow32/wmdisp32.c"	"4A9004C1F57AF28280D0176AFD72CAE76A7FBAE90FFB758426C287435E5912D4"	"opennt-4.5/nt/private/mvdm/wow32/wmdisp32.c"	"4A9004C1F57AF28280D0176AFD72CAE76A7FBAE90FFB758426C287435E5912D4"	"byte-exact"
"wow32/wmdisp32.h"	"4102D319DBAF7DC0ED6759EFBDCEC83E2882AF708CD7F70C97CACC50CD0E0057"	"opennt-4.5/nt/private/mvdm/wow32/wmdisp32.h"	"4102D319DBAF7DC0ED6759EFBDCEC83E2882AF708CD7F70C97CACC50CD0E0057"	"byte-exact"
"wow32/wmmalias.c"	"D4949206F261D22F80F96E769388AEE94037B27092C69C68EC058619F843F4FB"	"opennt-4.5/nt/private/mvdm/wow32/wmmalias.c"	"D4949206F261D22F80F96E769388AEE94037B27092C69C68EC058619F843F4FB"	"byte-exact"
"wow32/wmmalias.h"	"48BCEE7ABCCA92BAFD6DCEA4BCFD9437BAE10C170BB9BFEE4DB587E00E134CC0"	"opennt-4.5/nt/private/mvdm/wow32/wmmalias.h"	"48BCEE7ABCCA92BAFD6DCEA4BCFD9437BAE10C170BB9BFEE4DB587E00E134CC0"	"byte-exact"
"wow32/wmmedia.c"	"FBC4695791937FEA487C91A0BA964E19625EBF4793C0123238100628FA95FD08"	"opennt-4.5/nt/private/mvdm/wow32/wmmedia.c"	"FBC4695791937FEA487C91A0BA964E19625EBF4793C0123238100628FA95FD08"	"byte-exact"
"wow32/wmmedia.h"	"7B2E07AC7DA3864922A65586539C19945344ED04DF1D53D26E38119102A69801"	"opennt-4.5/nt/private/mvdm/wow32/wmmedia.h"	"7B2E07AC7DA3864922A65586539C19945344ED04DF1D53D26E38119102A69801"	"byte-exact"
"wow32/wmmedia1.c"	"74B1872BF1AFFF7A59721564F52B33C4FD74D9D7E329CCDBFF33F6BD612778D2"	"opennt-4.5/nt/private/mvdm/wow32/wmmedia1.c"	"74B1872BF1AFFF7A59721564F52B33C4FD74D9D7E329CCDBFF33F6BD612778D2"	"byte-exact"
"wow32/wmmedia2.c"	"4A2A6E5E6C6E7172CB3FEA4BB9035A18C7C5A292618B9EB507B71AE9F7D76856"	"opennt-4.5/nt/private/mvdm/wow32/wmmedia2.c"	"4A2A6E5E6C6E7172CB3FEA4BB9035A18C7C5A292618B9EB507B71AE9F7D76856"	"byte-exact"
"wow32/wmmstru1.c"	"8480EEC46CE4371647743D176D19709A9902A749A84452A5743F1A72AB675BE9"	"opennt-4.5/nt/private/mvdm/wow32/wmmstru1.c"	"8480EEC46CE4371647743D176D19709A9902A749A84452A5743F1A72AB675BE9"	"byte-exact"
"wow32/wmmstru2.c"	"F96AE87C3F0290B72C838B174B8EFBE82BD727290451BA99650ECC85BF738632"	"opennt-4.5/nt/private/mvdm/wow32/wmmstru2.c"	"F96AE87C3F0290B72C838B174B8EFBE82BD727290451BA99650ECC85BF738632"	"byte-exact"
"wow32/wmmstruc.c"	"AF5F3E85909F195C283D4C2D275B07B995E44E448E0DECB2EE6FB06764FA1CC4"	"opennt-4.5/nt/private/mvdm/wow32/wmmstruc.c"	"AF5F3E85909F195C283D4C2D275B07B995E44E448E0DECB2EE6FB06764FA1CC4"	"byte-exact"
"wow32/wmmstruc.h"	"8C8C764F500C47689F5D97C485E8D81C6361130C6CE744A3DBE8D2D26C1EAF5B"	"opennt-4.5/nt/private/mvdm/wow32/wmmstruc.h"	"8C8C764F500C47689F5D97C485E8D81C6361130C6CE744A3DBE8D2D26C1EAF5B"	"byte-exact"
"wow32/wmmtbl.h"	"C35252B376C0F6132DF8439F19EF66C780A2CF3BB39720B62C0D1D8B6F2069E4"	"opennt-4.5/nt/private/mvdm/wow32/wmmtbl.h"	"C35252B376C0F6132DF8439F19EF66C780A2CF3BB39720B62C0D1D8B6F2069E4"	"byte-exact"
"wow32/wmmtbl2.h"	"C48E5FC47DF9AC3A0FF72754E1253AF3C65DA102E4CA6B5EF5451A754E954EE5"	"opennt-4.5/nt/private/mvdm/wow32/wmmtbl2.h"	"C48E5FC47DF9AC3A0FF72754E1253AF3C65DA102E4CA6B5EF5451A754E954EE5"	"byte-exact"
"wow32/wmsg16.c"	"EB7B726626232AD95F1FF766004F8BEA6FCA3D25111124DD5C18E8512C1DBE44"	"opennt-4.5/nt/private/mvdm/wow32/wmsg16.c"	"EB7B726626232AD95F1FF766004F8BEA6FCA3D25111124DD5C18E8512C1DBE44"	"byte-exact"
"wow32/wmsg16.h"	"A4322E35E9EAF992598C9DE133074FB5D69E649D9729E37565C90156C55F6F98"	"opennt-4.5/nt/private/mvdm/wow32/wmsg16.h"	"A4322E35E9EAF992598C9DE133074FB5D69E649D9729E37565C90156C55F6F98"	"byte-exact"
"wow32/wmsgbm.c"	"D7EF837D592221481C988CCB2E164FAFF9D7A0B6349B59E1BBC3841323A98692"	"opennt-4.5/nt/private/mvdm/wow32/wmsgbm.c"	"D7EF837D592221481C988CCB2E164FAFF9D7A0B6349B59E1BBC3841323A98692"	"byte-exact"
"wow32/wmsgbm.h"	"3CC1B146978C625E2850EF427128A7BC84ACB5205B4C6901D6310845BF04A6B2"	"opennt-4.5/nt/private/mvdm/wow32/wmsgbm.h"	"3CC1B146978C625E2850EF427128A7BC84ACB5205B4C6901D6310845BF04A6B2"	"byte-exact"
"wow32/wmsgcb.c"	"CA644A033B4ED5974F70FAD75615EF18C80466F3ED6D987554CE031CACAB1E13"	"opennt-4.5/nt/private/mvdm/wow32/wmsgcb.c"	"CA644A033B4ED5974F70FAD75615EF18C80466F3ED6D987554CE031CACAB1E13"	"byte-exact"
"wow32/wmsgcb.h"	"6E9F759F83DFA3A0C03A8988D292E16D0CBF14D3E1D040245C5B5FE2FB02538B"	"opennt-4.5/nt/private/mvdm/wow32/wmsgcb.h"	"6E9F759F83DFA3A0C03A8988D292E16D0CBF14D3E1D040245C5B5FE2FB02538B"	"byte-exact"
"wow32/wmsgem.c"	"88D05E4770453621472704E90EDCEFD6AD18B618528B4166DA3A9BA1EA1A3619"	"opennt-4.5/nt/private/mvdm/wow32/wmsgem.c"	"88D05E4770453621472704E90EDCEFD6AD18B618528B4166DA3A9BA1EA1A3619"	"byte-exact"
"wow32/wmsgem.h"	"731FC809B72245FB9C9891670A8470628D89FAED0F93E1672FF5321C0622E1AA"	"opennt-4.5/nt/private/mvdm/wow32/wmsgem.h"	"731FC809B72245FB9C9891670A8470628D89FAED0F93E1672FF5321C0622E1AA"	"byte-exact"
"wow32/wmsglb.c"	"5E1A7DD4140AE6538D4E728CA869013E8CD00D06D5339EE5682319D5FF4BF26E"	"opennt-4.5/nt/private/mvdm/wow32/wmsglb.c"	"5E1A7DD4140AE6538D4E728CA869013E8CD00D06D5339EE5682319D5FF4BF26E"	"byte-exact"
"wow32/wmsglb.h"	"6DD54D68BA19801325FC732B1B025AD489861E52E8DF58F88EAC41815ADE28F0"	"opennt-4.5/nt/private/mvdm/wow32/wmsglb.h"	"6DD54D68BA19801325FC732B1B025AD489861E52E8DF58F88EAC41815ADE28F0"	"byte-exact"
"wow32/wmsgsbm.c"	"CF1EA646693339E8C2B03875DAD6C7B4A92576FC80F330407E60231E2689B18E"	"opennt-4.5/nt/private/mvdm/wow32/wmsgsbm.c"	"CF1EA646693339E8C2B03875DAD6C7B4A92576FC80F330407E60231E2689B18E"	"byte-exact"
"wow32/wmsgsbm.h"	"710EB54CB82DA2134BC0F4DF6ADA908597D7217296CA8DCF85E5C24E683C2751"	"opennt-4.5/nt/private/mvdm/wow32/wmsgsbm.h"	"710EB54CB82DA2134BC0F4DF6ADA908597D7217296CA8DCF85E5C24E683C2751"	"byte-exact"
"wow32/wmtbl32.c"	"8FB4F02963CEB0772E69749D703868273F942978FA6BAF162E039065DD957BD6"	"opennt-4.5/nt/private/mvdm/wow32/wmtbl32.c"	"8FB4F02963CEB0772E69749D703868273F942978FA6BAF162E039065DD957BD6"	"byte-exact"
"wow32/wmtbl32.h"	"C64CFBDD5B28DB353FD24EDD971044FE8F086D86B40AAFFD648FFCFE4C653AFB"	"opennt-4.5/nt/private/mvdm/wow32/wmtbl32.h"	"C64CFBDD5B28DB353FD24EDD971044FE8F086D86B40AAFFD648FFCFE4C653AFB"	"byte-exact"
"wow32/wole2.c"	"85FAB0277735CFF414D0F339557F110BF1501CBBE0F933DCF95232D9A61FD5E9"	"opennt-4.5/nt/private/mvdm/wow32/wole2.c"	"85FAB0277735CFF414D0F339557F110BF1501CBBE0F933DCF95232D9A61FD5E9"	"byte-exact"
"wow32/wole2.h"	"50022C2BAD3C0D0281C7839C815BA5044C6AF88997128CEB1ED525FFCE706E94"	"opennt-4.5/nt/private/mvdm/wow32/wole2.h"	"50022C2BAD3C0D0281C7839C815BA5044C6AF88997128CEB1ED525FFCE706E94"	"byte-exact"
"wow32/wow32.c"	"1DFE9900E6DA3BF0E2984C3DF42BDD155B177CFE7707BB24E1324037147D292A"	"opennt-4.5/nt/private/mvdm/wow32/wow32.c"	"1DFE9900E6DA3BF0E2984C3DF42BDD155B177CFE7707BB24E1324037147D292A"	"byte-exact"
"wow32/wow32.def"	"0DF4286CC384D667DD95BF00B84D81F4AFB6536A4FC387A5546B8E74B2F321B4"	"opennt-4.5/nt/private/mvdm/wow32/wow32.def"	"0DF4286CC384D667DD95BF00B84D81F4AFB6536A4FC387A5546B8E74B2F321B4"	"byte-exact"
"wow32/wow32.h"	"06148A93A63FAF7FC5480E4C9F80C98DDFE6E2A0A782EAFE6A6FD1CCDD46DE27"	"opennt-4.5/nt/private/mvdm/wow32/wow32.h"	"06148A93A63FAF7FC5480E4C9F80C98DDFE6E2A0A782EAFE6A6FD1CCDD46DE27"	"byte-exact"
"wow32/wow32.prf"	"2B9DD7CE7D14960871A9C0BB276A2768AB19B853E900F70DA2631D8B703CCB2C"	"opennt-4.5/nt/private/mvdm/wow32/wow32.prf"	"2B9DD7CE7D14960871A9C0BB276A2768AB19B853E900F70DA2631D8B703CCB2C"	"byte-exact"
"wow32/wow32.rc"	"5AFF44F115534B1EDE691E118349B589A0EB16A6BE264ACAA531E12520776035"	"opennt-4.5/nt/private/mvdm/wow32/wow32.rc"	"5AFF44F115534B1EDE691E118349B589A0EB16A6BE264ACAA531E12520776035"	"byte-exact"
"wow32/wow32.tt"	"7F19B9840151A7C9DDAB898F551B4C02156F82ABF05A480FE01AB03DB3030B4D"	"opennt-4.5/nt/private/mvdm/wow32/wow32.tt"	"7F19B9840151A7C9DDAB898F551B4C02156F82ABF05A480FE01AB03DB3030B4D"	"byte-exact"
"wow32/wow32fax.c"	"855AC6C5D6D6CA97CC78802994784E8612E5EB6197533790466664BF0E892700"	"opennt-4.5/nt/private/mvdm/wow32/wow32fax.c"	"855AC6C5D6D6CA97CC78802994784E8612E5EB6197533790466664BF0E892700"	"byte-exact"
"wow32/wowdde.h"	"67124A6D9C12CF8B9AA9285BD81B96EDC5011EB964FAD14438692007B6FEF4C2"	"opennt-4.5/nt/private/mvdm/wow32/wowdde.h"	"67124A6D9C12CF8B9AA9285BD81B96EDC5011EB964FAD14438692007B6FEF4C2"	"byte-exact"
"wow32/wowhooks.c"	"345220990242CDE0890884F478BEF8622C2FC537C9E6200FA9B289145BE0CC67"	"opennt-4.5/nt/private/mvdm/wow32/wowhooks.c"	"345220990242CDE0890884F478BEF8622C2FC537C9E6200FA9B289145BE0CC67"	"byte-exact"
"wow32/wowhooks.h"	"82E539D3278858B018A742C1890862471BCA2F2E7166C663FBEBBA0C02E20DC3"	"opennt-4.5/nt/private/mvdm/wow32/wowhooks.h"	"82E539D3278858B018A742C1890862471BCA2F2E7166C663FBEBBA0C02E20DC3"	"byte-exact"
"wow32/wowtable.h"	"414BF1F402654D8E8A9F2AFD5EC192F9585C43C1C755B40A74B1041F80F5F281"	"opennt-4.5/nt/private/mvdm/wow32/wowtable.h"	"414BF1F402654D8E8A9F2AFD5EC192F9585C43C1C755B40A74B1041F80F5F281"	"byte-exact"
"wow32/wowtbl.c"	"4C053570AF6E72B0159D0E1BC7C5E9859EF89D513781BBCD1E767DDAF7695960"	"opennt-4.5/nt/private/mvdm/wow32/wowtbl.c"	"4C053570AF6E72B0159D0E1BC7C5E9859EF89D513781BBCD1E767DDAF7695960"	"byte-exact"
"wow32/wowtbl.h"	"343409D8ADC9C2F013FBC3C44C2C1F611556321832C95037EF7F90F7E439FE01"	"opennt-4.5/nt/private/mvdm/wow32/wowtbl.h"	"343409D8ADC9C2F013FBC3C44C2C1F611556321832C95037EF7F90F7E439FE01"	"byte-exact"
"wow32/wparam.c"	"939785D0AEE348459E02136EFAFDCBDAC7AA1D7612F4BFCF8C4F21ACF677271A"	"opennt-4.5/nt/private/mvdm/wow32/wparam.c"	"939785D0AEE348459E02136EFAFDCBDAC7AA1D7612F4BFCF8C4F21ACF677271A"	"byte-exact"
"wow32/wparam.h"	"3861F621AC54295BC90B357A66A6D36ECBA10878C4A1B5FCD49D37F95AE8351F"	"opennt-4.5/nt/private/mvdm/wow32/wparam.h"	"3861F621AC54295BC90B357A66A6D36ECBA10878C4A1B5FCD49D37F95AE8351F"	"byte-exact"
"wow32/wreldc.c"	"F4EDE08EF2D6BC949CD2500C75AF546EC68C0E017ABECC1A6C624F7C1B5A0D20"	"opennt-4.5/nt/private/mvdm/wow32/wreldc.c"	"F4EDE08EF2D6BC949CD2500C75AF546EC68C0E017ABECC1A6C624F7C1B5A0D20"	"byte-exact"
"wow32/wreldc.h"	"63FB72740460F367CB75FB014562F7C278B515B73689EE0C981481F96D5961C1"	"opennt-4.5/nt/private/mvdm/wow32/wreldc.h"	"63FB72740460F367CB75FB014562F7C278B515B73689EE0C981481F96D5961C1"	"byte-exact"
"wow32/wres16.c"	"24324D4B95B7C5AC102E9751872AF1DB779EFC0CFF223B32AA066034CB874AE9"	"opennt-4.5/nt/private/mvdm/wow32/wres16.c"	"24324D4B95B7C5AC102E9751872AF1DB779EFC0CFF223B32AA066034CB874AE9"	"byte-exact"
"wow32/wres16.h"	"AF060CC040A5EC79D0077C5429DF8CD96FF632B27D0EAFA04B5719A39ACF5167"	"opennt-4.5/nt/private/mvdm/wow32/wres16.h"	"AF060CC040A5EC79D0077C5429DF8CD96FF632B27D0EAFA04B5719A39ACF5167"	"byte-exact"
"wow32/wres32.c"	"1217C5FA87B808329826D4EF2E785A5EB574DE9CB1E9691DE99680844F5BD13A"	"opennt-4.5/nt/private/mvdm/wow32/wres32.c"	"1217C5FA87B808329826D4EF2E785A5EB574DE9CB1E9691DE99680844F5BD13A"	"byte-exact"
"wow32/wres32.h"	"28826C5BD86E1CE88DD65EB5E7821398705AFCF2DE8174DC07B6FF32C86B4017"	"opennt-4.5/nt/private/mvdm/wow32/wres32.h"	"28826C5BD86E1CE88DD65EB5E7821398705AFCF2DE8174DC07B6FF32C86B4017"	"byte-exact"
"wow32/wsdata.c"	"F8F95C4CB6EC3ACA607E66D615900129497738617B9A6A192880DC66BEB5E63B"	"opennt-4.5/nt/private/mvdm/wow32/wsdata.c"	"F8F95C4CB6EC3ACA607E66D615900129497738617B9A6A192880DC66BEB5E63B"	"byte-exact"
"wow32/wsdynmc.h"	"C6E0600B3068BFC09234DCCEE96FBC756E8ECBA76C78B0C7FDC6A9B6CCE6C9EF"	"opennt-4.5/nt/private/mvdm/wow32/wsdynmc.h"	"C6E0600B3068BFC09234DCCEE96FBC756E8ECBA76C78B0C7FDC6A9B6CCE6C9EF"	"byte-exact"
"wow32/wsext.c"	"13A04AA32C045B6DFDE4A12099D06C99CE2EC84362F30F296D677F7C47B200F7"	"opennt-4.5/nt/private/mvdm/wow32/wsext.c"	"13A04AA32C045B6DFDE4A12099D06C99CE2EC84362F30F296D677F7C47B200F7"	"byte-exact"
"wow32/wshell.c"	"1DAA7860C95A0E374566B900D2DA01E7459E7B88C0DFBE8E84B23F68BDF3AD40"	"opennt-4.5/nt/private/mvdm/wow32/wshell.c"	"1DAA7860C95A0E374566B900D2DA01E7459E7B88C0DFBE8E84B23F68BDF3AD40"	"byte-exact"
"wow32/wshell.h"	"1D3BB1B9C5F0BC30F1AA83DB07544738DFB7D874DB30591D622EF6378F5384AA"	"opennt-4.5/nt/private/mvdm/wow32/wshell.h"	"1D3BB1B9C5F0BC30F1AA83DB07544738DFB7D874DB30591D622EF6378F5384AA"	"byte-exact"
"wow32/wshltbl.h"	"8F3479C3135087E2B4C12D7C4D32750E8A78024E15E6B453CA09B5081EAC6F5D"	"opennt-4.5/nt/private/mvdm/wow32/wshltbl.h"	"8F3479C3135087E2B4C12D7C4D32750E8A78024E15E6B453CA09B5081EAC6F5D"	"byte-exact"
"wow32/wshtbl2.h"	"84F782A33328812BF9E639EAE9F99236941E8BF19EA4C3328D8E8F9F3074E29F"	"opennt-4.5/nt/private/mvdm/wow32/wshtbl2.h"	"84F782A33328812BF9E639EAE9F99236941E8BF19EA4C3328D8E8F9F3074E29F"	"byte-exact"
"wow32/wsman.c"	"3481808A0C62754B72B5338680FB7E1A5DFC81722996CBF81400B2963771A913"	"opennt-4.5/nt/private/mvdm/wow32/wsman.c"	"3481808A0C62754B72B5338680FB7E1A5DFC81722996CBF81400B2963771A913"	"byte-exact"
"wow32/wsman.h"	"70F4177BC27B46D4007AAD87E4AA7BD158F3F7514E5EC0A9F4235E41F01F85A7"	"opennt-4.5/nt/private/mvdm/wow32/wsman.h"	"70F4177BC27B46D4007AAD87E4AA7BD158F3F7514E5EC0A9F4235E41F01F85A7"	"byte-exact"
"wow32/wsocktbl.h"	"A16351B3392F882B17A406688CD03B27E3C9E58A358C14A75AF925C2EE0923DC"	"opennt-4.5/nt/private/mvdm/wow32/wsocktbl.h"	"A16351B3392F882B17A406688CD03B27E3C9E58A358C14A75AF925C2EE0923DC"	"byte-exact"
"wow32/wspool.c"	"C76BEC31AE9020EA0173C20D42986F36E6888A315A5D27E91E5CBF2579CB2AD8"	"opennt-4.5/nt/private/mvdm/wow32/wspool.c"	"C76BEC31AE9020EA0173C20D42986F36E6888A315A5D27E91E5CBF2579CB2AD8"	"byte-exact"
"wow32/wspool.h"	"11E570DB87246262C46C166A845E514EDB08E02F8B0B107DFAE1CFA41A375075"	"opennt-4.5/nt/private/mvdm/wow32/wspool.h"	"11E570DB87246262C46C166A845E514EDB08E02F8B0B107DFAE1CFA41A375075"	"byte-exact"
"wow32/wsraw.c"	"671210892E0AC174860EF9B2DA141C471DC45B20E48DCC5B40A5185164262CE0"	"opennt-4.5/nt/private/mvdm/wow32/wsraw.c"	"671210892E0AC174860EF9B2DA141C471DC45B20E48DCC5B40A5185164262CE0"	"byte-exact"
"wow32/wstbl.h"	"E05ABE8A2FB397E299ABA997E1928C3F74E00EECB23277B4C1C60F66480D439A"	"opennt-4.5/nt/private/mvdm/wow32/wstbl.h"	"E05ABE8A2FB397E299ABA997E1928C3F74E00EECB23277B4C1C60F66480D439A"	"byte-exact"
"wow32/wstbl2.h"	"D3AEA894092DC6AFC33701CFBCCEFF6297234E9E67185B09EA4FCFDB7C478B5E"	"opennt-4.5/nt/private/mvdm/wow32/wstbl2.h"	"D3AEA894092DC6AFC33701CFBCCEFF6297234E9E67185B09EA4FCFDB7C478B5E"	"byte-exact"
"wow32/wstruc.c"	"04AA31F76DBB3E683C1F96101B07DE006A79CA0D3B49E0A16986166349F3ABB3"	"opennt-4.5/nt/private/mvdm/wow32/wstruc.c"	"04AA31F76DBB3E683C1F96101B07DE006A79CA0D3B49E0A16986166349F3ABB3"	"byte-exact"
"wow32/wstruc.h"	"1E54905079DB411F6BC17583A8943E4F8F5C870129FF7D5814F87D8A41BE6A7C"	"opennt-4.5/nt/private/mvdm/wow32/wstruc.h"	"1E54905079DB411F6BC17583A8943E4F8F5C870129FF7D5814F87D8A41BE6A7C"	"byte-exact"
"wow32/wsubcls.c"	"B37021CB2A0480F3ACA685EFB8006B32D31B0FE073B6B3FC9B99F05764679E4B"	"opennt-4.5/nt/private/mvdm/wow32/wsubcls.c"	"B37021CB2A0480F3ACA685EFB8006B32D31B0FE073B6B3FC9B99F05764679E4B"	"byte-exact"
"wow32/wsubcls.h"	"56F2D5E4C9FE20CD485B1766A161849FF4E3350353C3278035F6E92E67EE70F6"	"opennt-4.5/nt/private/mvdm/wow32/wsubcls.h"	"56F2D5E4C9FE20CD485B1766A161849FF4E3350353C3278035F6E92E67EE70F6"	"byte-exact"
"wow32/wthman.c"	"FB2A9E5FB2F06A20DAF67C90CB21621D649F128A3F739697DEB7A13506025286"	"opennt-4.5/nt/private/mvdm/wow32/wthman.c"	"FB2A9E5FB2F06A20DAF67C90CB21621D649F128A3F739697DEB7A13506025286"	"byte-exact"
"wow32/wthman.h"	"10844285B16875A3650403FEFF310951C323489E78989C5233F088613716CF72"	"opennt-4.5/nt/private/mvdm/wow32/wthman.h"	"10844285B16875A3650403FEFF310951C323489E78989C5233F088613716CF72"	"byte-exact"
"wow32/wthtbl.h"	"8423DFBAB62C8EE94F069502F829317C153AE371702F851B94DA12F6A18A4B89"	"opennt-4.5/nt/private/mvdm/wow32/wthtbl.h"	"8423DFBAB62C8EE94F069502F829317C153AE371702F851B94DA12F6A18A4B89"	"byte-exact"
"wow32/wthtbl2.h"	"830B724673E5B94B3D48D33E21FCAAA374DF3161D191ECC4B76E46387EF9817F"	"opennt-4.5/nt/private/mvdm/wow32/wthtbl2.h"	"830B724673E5B94B3D48D33E21FCAAA374DF3161D191ECC4B76E46387EF9817F"	"byte-exact"
"wow32/wuansi.h"	"8F2053340A73F78A3B558B8D27E9AE6F7A7D3F5D34A5B085EA84868142638228"	"opennt-4.5/nt/private/mvdm/wow32/wuansi.h"	"8F2053340A73F78A3B558B8D27E9AE6F7A7D3F5D34A5B085EA84868142638228"	"byte-exact"
"wow32/wucaret.c"	"E31545F6DDAAD250517B0566287FB6B99C6F5CE3DA2517D55A25536A046AC4D8"	"opennt-4.5/nt/private/mvdm/wow32/wucaret.c"	"E31545F6DDAAD250517B0566287FB6B99C6F5CE3DA2517D55A25536A046AC4D8"	"byte-exact"
"wow32/wucaret.h"	"6236F188C6016B8727451A4C0E87A620143D62F8CCC96FACCFCB9CFC15D63612"	"opennt-4.5/nt/private/mvdm/wow32/wucaret.h"	"6236F188C6016B8727451A4C0E87A620143D62F8CCC96FACCFCB9CFC15D63612"	"byte-exact"
"wow32/wuclass.c"	"12CDD44DFEC6B74A426165977F941DA86D90BBAD7AA9C59A085010D02528629D"	"opennt-4.5/nt/private/mvdm/wow32/wuclass.c"	"12CDD44DFEC6B74A426165977F941DA86D90BBAD7AA9C59A085010D02528629D"	"byte-exact"
"wow32/wuclass.h"	"25F7B00B00929145F9876FB50DBCFA3E919F1627575F40B7F484606A40C9AA8A"	"opennt-4.5/nt/private/mvdm/wow32/wuclass.h"	"25F7B00B00929145F9876FB50DBCFA3E919F1627575F40B7F484606A40C9AA8A"	"byte-exact"
"wow32/wuclip.c"	"C386AF38376945CB4FD141D878BCA8EF5140B15DCCC9695A0ADCB0941FBB0083"	"opennt-4.5/nt/private/mvdm/wow32/wuclip.c"	"C386AF38376945CB4FD141D878BCA8EF5140B15DCCC9695A0ADCB0941FBB0083"	"byte-exact"
"wow32/wuclip.h"	"90600AF10DB9F7FC80FE999921DC97CBBC691BDD8BDB6F142E389D7FA34EE314"	"opennt-4.5/nt/private/mvdm/wow32/wuclip.h"	"90600AF10DB9F7FC80FE999921DC97CBBC691BDD8BDB6F142E389D7FA34EE314"	"byte-exact"
"wow32/wucomm.c"	"C9C8B11D65AC3F2B1EE9216A8102EF56908BFF5C5BF4ED2DD2BADC30CA8A4284"	"opennt-4.5/nt/private/mvdm/wow32/wucomm.c"	"C9C8B11D65AC3F2B1EE9216A8102EF56908BFF5C5BF4ED2DD2BADC30CA8A4284"	"byte-exact"
"wow32/wucomm.h"	"43D3F49FE9ABB8FBBBE1A93E7725F7A368676DFADD764C8F0497A4218B23F77B"	"opennt-4.5/nt/private/mvdm/wow32/wucomm.h"	"43D3F49FE9ABB8FBBBE1A93E7725F7A368676DFADD764C8F0497A4218B23F77B"	"byte-exact"
"wow32/wucursor.c"	"78943C10AFECBBDEDD57408A5417A2D342D5A0A5DD354B321C773BD18916AF31"	"opennt-4.5/nt/private/mvdm/wow32/wucursor.c"	"78943C10AFECBBDEDD57408A5417A2D342D5A0A5DD354B321C773BD18916AF31"	"byte-exact"
"wow32/wucursor.h"	"73ABFE98A5CEFAE2DF5024EEA736CC397B4A32A58FE69B294B6BF91569BD4034"	"opennt-4.5/nt/private/mvdm/wow32/wucursor.h"	"73ABFE98A5CEFAE2DF5024EEA736CC397B4A32A58FE69B294B6BF91569BD4034"	"byte-exact"
"wow32/wudlg.c"	"8A0DFCB7CBFEA232C491FD9249C10048946F9F0D0E0B4120227DCCD6AB37109E"	"opennt-4.5/nt/private/mvdm/wow32/wudlg.c"	"8A0DFCB7CBFEA232C491FD9249C10048946F9F0D0E0B4120227DCCD6AB37109E"	"byte-exact"
"wow32/wudlg.h"	"E92C13CC2AF28C806BFD8474A0875DB556AB8D15490F3D7B04ADC662280ADDFC"	"opennt-4.5/nt/private/mvdm/wow32/wudlg.h"	"E92C13CC2AF28C806BFD8474A0875DB556AB8D15490F3D7B04ADC662280ADDFC"	"byte-exact"
"wow32/wuhook.c"	"A4F31EE8CC2258FB177471647066238F7BB406B2466DCA0249F4D6E6A98022B2"	"opennt-4.5/nt/private/mvdm/wow32/wuhook.c"	"A4F31EE8CC2258FB177471647066238F7BB406B2466DCA0249F4D6E6A98022B2"	"byte-exact"
"wow32/wuhook.h"	"109B79CA6B559FB1A29972036718E8AE1EF4E5B2796EE554B7B8D4ACB1AF965E"	"opennt-4.5/nt/private/mvdm/wow32/wuhook.h"	"109B79CA6B559FB1A29972036718E8AE1EF4E5B2796EE554B7B8D4ACB1AF965E"	"byte-exact"
"wow32/wulang.c"	"F6EEB696A1F2878E52586D9496924C5C8064C63F800F5A25E55F7848AA68D13C"	"opennt-4.5/nt/private/mvdm/wow32/wulang.c"	"F6EEB696A1F2878E52586D9496924C5C8064C63F800F5A25E55F7848AA68D13C"	"byte-exact"
"wow32/wulang.h"	"C68DE67A06F831A5E71E9F4C28961228649403E22FDDDE13BE87D614EC826FC2"	"opennt-4.5/nt/private/mvdm/wow32/wulang.h"	"C68DE67A06F831A5E71E9F4C28961228649403E22FDDDE13BE87D614EC826FC2"	"byte-exact"
"wow32/wuman.c"	"D96FC214141973B12045669AE2A0D21CF4040AB928BE1A309AD687456B473698"	"opennt-4.5/nt/private/mvdm/wow32/wuman.c"	"D96FC214141973B12045669AE2A0D21CF4040AB928BE1A309AD687456B473698"	"byte-exact"
"wow32/wuman.h"	"DC0B3173C5995BF3183071F9D8560A2371BD940AC59F2DBE77822742B06DE113"	"opennt-4.5/nt/private/mvdm/wow32/wuman.h"	"DC0B3173C5995BF3183071F9D8560A2371BD940AC59F2DBE77822742B06DE113"	"byte-exact"
"wow32/wumenu.c"	"0FC60E98713F9C37F6FEE8C5DF25DCBA55277DBAEF5B82C49A90E62AE6DB72C6"	"opennt-4.5/nt/private/mvdm/wow32/wumenu.c"	"0FC60E98713F9C37F6FEE8C5DF25DCBA55277DBAEF5B82C49A90E62AE6DB72C6"	"byte-exact"
"wow32/wumenu.h"	"A3BCAC29AFB6D3845D2627B38D26DF633D968555F5CA3506E75EC769E09FCE3E"	"opennt-4.5/nt/private/mvdm/wow32/wumenu.h"	"A3BCAC29AFB6D3845D2627B38D26DF633D968555F5CA3506E75EC769E09FCE3E"	"byte-exact"
"wow32/wumsg.c"	"3404569A45421465A6B916975B978D9EDE19BA3EE7F2534B20FAD304E91BC7FF"	"opennt-4.5/nt/private/mvdm/wow32/wumsg.c"	"3404569A45421465A6B916975B978D9EDE19BA3EE7F2534B20FAD304E91BC7FF"	"byte-exact"
"wow32/wumsg.h"	"1F18E9770131F758947986DE78DCB6C974730BCBAAD3137E3C69A615F0F79324"	"opennt-4.5/nt/private/mvdm/wow32/wumsg.h"	"1F18E9770131F758947986DE78DCB6C974730BCBAAD3137E3C69A615F0F79324"	"byte-exact"
"wow32/wuser.c"	"CE33E8634D085F9CA27AD331560E5321C3FED2EE8552CE0D00FDA25AF0A74B62"	"opennt-4.5/nt/private/mvdm/wow32/wuser.c"	"CE33E8634D085F9CA27AD331560E5321C3FED2EE8552CE0D00FDA25AF0A74B62"	"byte-exact"
"wow32/wuser.h"	"A052E937B4329E58EB48979E8C968FE9F7371EC2E5533A9B796656E3769A4F07"	"opennt-4.5/nt/private/mvdm/wow32/wuser.h"	"A052E937B4329E58EB48979E8C968FE9F7371EC2E5533A9B796656E3769A4F07"	"byte-exact"
"wow32/wuser31.c"	"260237F9FDA0013F02BBBCBC94C29EA2069DE545043B636F2828C554E55582A4"	"opennt-4.5/nt/private/mvdm/wow32/wuser31.c"	"260237F9FDA0013F02BBBCBC94C29EA2069DE545043B636F2828C554E55582A4"	"byte-exact"
"wow32/wuser31.h"	"9CC837D93C61656DDE97FA09FEE3E63402039E3F66BE517E0823F9FA1B15F118"	"opennt-4.5/nt/private/mvdm/wow32/wuser31.h"	"9CC837D93C61656DDE97FA09FEE3E63402039E3F66BE517E0823F9FA1B15F118"	"byte-exact"
"wow32/wusercli.c"	"96B363EE882839A61D232DFBE145346D6E4D7EC7BFBAA4C97C4E0500A39B51ED"	"opennt-4.5/nt/private/mvdm/wow32/wusercli.c"	"96B363EE882839A61D232DFBE145346D6E4D7EC7BFBAA4C97C4E0500A39B51ED"	"byte-exact"
"wow32/wusercli.h"	"2731955B6F6D24419575806304481B7D866C99B552EC8DA756FC956B5DFA4B2E"	"opennt-4.5/nt/private/mvdm/wow32/wusercli.h"	"2731955B6F6D24419575806304481B7D866C99B552EC8DA756FC956B5DFA4B2E"	"byte-exact"
"wow32/wutbl.h"	"22D88170A6047C25A31A5165D1FA079E0D6BF4ECF94F123B2544EE95BDB644F2"	"opennt-4.5/nt/private/mvdm/wow32/wutbl.h"	"22D88170A6047C25A31A5165D1FA079E0D6BF4ECF94F123B2544EE95BDB644F2"	"byte-exact"
"wow32/wutbl2.h"	"3B8802574625E12FA280872DBC9F2EF49A8D9FABB6840F76CE7FCAE63367EC65"	"opennt-4.5/nt/private/mvdm/wow32/wutbl2.h"	"3B8802574625E12FA280872DBC9F2EF49A8D9FABB6840F76CE7FCAE63367EC65"	"byte-exact"
"wow32/wutext.c"	"83F6C0568C00C273A93A2D333ED434EA78BEED4E2682E78E260A31BE031441CD"	"opennt-4.5/nt/private/mvdm/wow32/wutext.c"	"83F6C0568C00C273A93A2D333ED434EA78BEED4E2682E78E260A31BE031441CD"	"byte-exact"
"wow32/wutext.h"	"DF5F47C67672BBC164B33AFA243A69DCAC224B4F173147ADDD99158236B9095F"	"opennt-4.5/nt/private/mvdm/wow32/wutext.h"	"DF5F47C67672BBC164B33AFA243A69DCAC224B4F173147ADDD99158236B9095F"	"byte-exact"
"wow32/wutmr.c"	"E42BC0C7E9DC199AE19414461D65ECF86B7ACC55C6D7523792812D73F158BEF5"	"opennt-4.5/nt/private/mvdm/wow32/wutmr.c"	"E42BC0C7E9DC199AE19414461D65ECF86B7ACC55C6D7523792812D73F158BEF5"	"byte-exact"
"wow32/wutmr.h"	"383B5FD1A51477570259302CCE8A1CA9DC6C0EADC228489D42DAB874517AD361"	"opennt-4.5/nt/private/mvdm/wow32/wutmr.h"	"383B5FD1A51477570259302CCE8A1CA9DC6C0EADC228489D42DAB874517AD361"	"byte-exact"
"wow32/wuwind.c"	"AB270E2669CFD383DA4BAAC471BB63E7C9C603581F4F7592AD447E8A783953DC"	"opennt-4.5/nt/private/mvdm/wow32/wuwind.c"	"AB270E2669CFD383DA4BAAC471BB63E7C9C603581F4F7592AD447E8A783953DC"	"byte-exact"
"wow32/wuwind.h"	"9450DC53634B683BE8E86C57D7EF307B4AC749440367E7F1714FDF5FBDB38C6B"	"opennt-4.5/nt/private/mvdm/wow32/wuwind.h"	"9450DC53634B683BE8E86C57D7EF307B4AC749440367E7F1714FDF5FBDB38C6B"	"byte-exact"
"wow32/wwstbl2.h"	"425F566FA0A559C2DCF79F39322A8CA3A0929371A447DE3337B0C9F6AD1BEF02"	"opennt-4.5/nt/private/mvdm/wow32/wwstbl2.h"	"425F566FA0A559C2DCF79F39322A8CA3A0929371A447DE3337B0C9F6AD1BEF02"	"byte-exact"
