family_id	family	original_source_roots	original_initialization_or_entry	final_source_first_disposition	boundary_and_required_adapter	mapping_manager_rule	current_x86_x64_state	s4_work_order	s5_required_proof
SPC-S4-001	BIOS-ROM-CMOS	mvdm-softpc-firmware/softpc.new/{bios,roms,data}; mvdm-host/softpc.new/base/system/{rom.c,cmosnt.c}	reset -> rom_init; CMOS reset/data initialization	firmware-only inputs plus direct-original composition candidate	app supplies manifest-selected immutable bytes; original ROM/CMOS logic cannot use Bochs objects	no host identity is exposed to MVDM	preserved source/input; not linked in original-SoftPC target	1	original backend loads selected firmware input and exposes its recorded unavailable result when a missing input is requested
SPC-S4-002	memory-SAS-A20	mvdm-host/softpc.new/host/src/{nt_mem.c,nt_sas.c,sim32.c}; base/ccpu386/ccpusas4.c	original host memory/SAS setup before reset and CCPU entry	adapter-backed original composition; original caller order retained	adapter-mvdm-host-out/softpc supplies source-shaped checked memory/SAS forms; no Bochs type enters mirror	all numeric VDM addresses resolve through session guest-memory mapping/lease; no x86 identity pass-through	S2 isolated compile only; raw PVOID forms unresolved	2	create/reset rejects unavailable memory topology; every accepted range has checked lease/read-write proof
SPC-S4-003	UMB-EMM-VDD-memory-hooks	mvdm-host/softpc.new/host/src/{nt_umb.c,nt_msscs.c}; base/bios/emm_fncs.c	InitialiseDosEmulation -> SetupInstallableVDD -> UMB/EMM setup	original source retained; named later XMS/VDD owner, not silently enabled	adapter-mvdm-host-out/softpc plus adapter-mvdm-host-out/vdd and adapter-win32 only after their owner-package admission	no PVOID-to-ULONG conversion; any VDD identity uses session host-resource mapping	original source present; deliberately not selected before XMS/VDD	3	unavailable direction is source-shaped; later XMS/VDD closure supplies allocation/hook lifecycle
SPC-S4-004	PIC-PIT-timer	mvdm-host/softpc.new/base/system/{ica.c,timer.c}; host/src/nt_timer.c	reset/timer_init/host_timer_init and interrupt delivery	adapter-backed original composition candidate	original PIC/PIT state stays in original sources; public timing wait/callback binding is adapter-win32/session-owned	no guest or host pointer crosses timer callback boundary	original bodies mirrored; not yet selected as a linked family	4	bounded tick yields one source-shaped PIC/timer delivery or recorded unavailable result
SPC-S4-005	keyboard-mouse	mvdm-softpc-firmware/softpc.new/base/keymouse/*; mvdm-host/softpc.new/host/src/{nt_input.c,nt_keycd.c,nt_mouse.c}	reset host input setup, keyboard/mouse initialization	adapter-backed original composition candidate	public Win32 console/input and NLS calls bind behind adapter-win32; historical fullscreen/UI product shell remains excluded	input records are copied fixed-width values; no native event pointer is retained	original bodies/input firmware mirrored; not selected	5	one keyboard input and one mouse-neutral initialization path, or each source-shaped unavailable result
SPC-S4-006	DMA	mvdm-host/softpc.new/base/system/at_dma.c	reset/device initialization and DMA port path	adapter-backed original composition candidate	original DMA state/port logic remains in source; only checked memory transfer reaches the SoftPC memory seam	DMA address/count are numeric guest spans validated through session guest-memory leases	original body mirrored; not selected	6	one bounded DMA transfer or exact unavailable result with no raw host alias
SPC-S4-007	display-VGA	mvdm-host/softpc.new/base/video/video.c; host/src/{nt_cga.c,nt_ega.c,nt_vga.c,nt_graph.c}	reset video-function table and basic port/video path	adapter-backed original composition candidate	private NT4 graphics/fullscreen calls require adapter-win32 disposition; no display controller is substituted by Bochs	frame/output resources are host-local and never become guest identifiers	original bodies mirrored; not selected	7	basic video/port path plus source-shaped no-display failure where the host capability is unavailable
SPC-S4-008	disk-floppy	mvdm-host/softpc.new/base/disks/{diskbios.c,fdisk.c,floppy.c,floppy_i.c,gfi.c,gfi_sflp.c}; host/src/{nt_fdisk.c,nt_rflop.c}	ROM/reset disk initialization and selected startup-media path	adapter-backed original composition candidate	public file/device operations bind behind adapter-win32; original FDC/disk state/order remains in source	sector buffers are copied/leased guest spans; no raw native file handle enters MVDM	original bodies mirrored; not selected	8	selected startup-media read and exact missing/unsupported-media failure direction
SPC-S4-009	serial-parallel	mvdm-host/softpc.new/host/src/{nt_com.c,nt_wcom.c,nt_lpt.c}; base/comms/com.c	reset host endpoint setup and port request paths	adapter-backed original composition candidate	public serial/parallel/file capability binds behind adapter-win32; no direct host port I/O is used	endpoint handles use session host-resource mapping on both x86 and x64	original bodies mirrored; not selected	9	closed/open-disabled endpoint behavior and ordered teardown
